source,target
12858,12328
12858,12492
12858,12859
14397,1538
14397,2146
14397,14398
12250,11190
12990,288
12990,12987
12455,297
12455,12393
14542,12256
14542,14544
14542,15523
5420,5412
13826,305
13826,2505
13826,11025
14173,1860
11458,11045
1826,1824
1826,1825
11890,11132
11890,11891
7741,1870
583,118
583,406
583,601
583,1943
583,2081
583,2349
583,3467
583,3610
583,3809
583,4272
583,4275
583,4277
583,4278
583,4279
583,4280
583,7613
583,7614
583,7615
583,7616
583,7617
583,7618
583,7622
583,7623
583,7625
583,7626
583,7628
1114,877
1114,13485
5596,3658
13866,111
13866,327
13866,11018
13866,11019
13866,11095
13866,11131
13866,12256
13866,13867
13866,13868
13866,13869
13866,13870
13866,13871
13866,13873
13866,13874
13866,13875
13866,13876
13866,13877
13866,13878
13866,13879
11356,11601
12345,457
12345,11078
12345,12286
12345,12344
12345,12346
12345,12347
12345,12692
12345,12716
12345,15438
14054,224
13150,13092
13150,13151
13150,13152
13150,13153
5415,272
13952,11095
13952,12256
13952,13946
1596,308
817,27
817,399
817,1013
817,1438
817,1601
817,1602
817,2212
817,2467
817,3434
817,11025
817,12459
817,13827
817,14078
817,14148
817,14182
817,14196
817,14197
817,14559
817,14868
817,14869
817,14965
817,15303
817,15304
817,15464
11392,12048
2329,1584
2329,1868
14690,2215
16102,1998
11169,909
11860,11353
13991,5
1159,11229
1159,12286
1159,12808
1159,13604
1159,13606
1159,13608
1159,13609
1159,15540
12305,415
12305,1603
12305,12303
12305,13960
12305,13961
12305,14025
12305,14026
12305,14027
12305,14028
12305,14029
12305,14030
12305,14031
12305,14032
12305,14476
14192,1714
14192,1881
14192,1888
14192,11254
14192,13801
14192,13915
14192,14148
14192,14180
14192,14379
14192,14380
14192,14381
14192,14382
14192,14383
14192,14777
775,415
775,1659
775,1662
775,1663
775,14010
13214,11257
13214,11451
13214,11466
13214,12328
13214,13216
13214,15456
11758,275
11758,11759
12701,12698
14618,11244
14618,13909
14618,13979
14618,14613
14618,14619
14618,14705
14618,14706
14618,14707
15183,15179
15183,15182
15183,15185
1950,1949
14862,11280
14862,13330
14862,14859
14862,14860
14862,14861
14170,14171
14170,14172
11131,111
11131,327
11131,11018
11131,11019
11131,11095
11131,12256
11131,13873
11131,13874
11131,13875
11131,13876
11131,13877
11131,13878
11131,13879
12645,12646
12645,12647
11759,275
3827,590
14279,452
14988,1534
14988,14986
14988,14987
14988,14989
14988,14990
12307,11242
12307,11425
12307,11969
12307,12537
14505,14476
14505,14506
14505,14507
14505,14508
14505,14509
14505,14510
14505,14511
7794,845
1535,1013
1535,14984
12780,474
12780,12286
12780,12328
12780,12398
12780,12779
12780,12856
12780,15470
12782,12710
12782,12783
12782,13010
12782,13015
12845,12399
12845,12410
12845,12835
12845,12836
12845,12837
12845,12838
12845,12839
12845,12840
12845,12841
12845,12842
12845,12843
12845,12844
12845,12846
15090,11749
11648,11051
11648,11248
11648,11368
11648,11649
11648,11811
11648,11846
11648,15466
11767,488
11767,11671
11767,11768
12681,1010
12681,11449
12681,12286
12681,12302
12681,12682
12681,12683
12681,12684
12681,12685
12681,12931
12681,12987
12681,13235
14268,656
14268,14077
11998,494
8427,581
11515,336
11515,400
11515,507
11515,508
11515,510
11515,11124
11515,11250
11515,11252
11515,11253
11515,11254
11515,11497
11515,11498
11515,11502
11515,11503
11515,11504
11515,11505
11515,11506
11515,11507
11515,11508
11515,11509
11515,11510
11515,11511
11515,11512
11515,11513
11515,11514
6633,404
12106,11413
12106,11855
12106,12105
12106,12107
12106,15149
178,436
178,499
178,1091
178,1098
178,1101
178,1574
178,2095
178,12670
178,13137
178,13327
178,13328
5593,1497
11662,11314
1029,499
12276,294
12276,794
12276,12983
12252,1924
12252,14220
564,496
564,563
14548,12459
14548,14032
14548,14544
14548,14550
2331,2330
8418,435
13152,13151
3432,474
15214,15205
15214,15213
11704,346
11704,11705
11852,11351
7844,581
13035,11449
15310,815
15310,15309
3956,18
2470,364
2470,14028
2096,436
2096,507
2096,1546
2096,1571
2096,2095
2096,2097
2096,2098
2096,2099
2096,2100
2096,2101
2096,2102
2096,2103
2096,13920
2096,14351
2096,14352
2096,16124
14968,11511
14968,14964
3890,646
3890,5368
3890,7723
7804,581
12929,11451
12929,12927
13264,13091
13264,13115
13264,13265
13264,13267
13264,13268
13264,13269
13264,13270
12469,937
12469,12328
15126,12583
5426,340
11497,336
11497,400
11497,507
11497,508
11497,510
11497,11124
11497,11250
11497,11252
11497,11253
11497,11254
11497,11259
11497,11494
11497,11496
11497,11498
11497,11499
11497,11500
11497,11502
11497,11503
11497,11504
11497,11505
11497,11506
11497,11507
11497,11508
11497,11509
11497,11510
11497,11511
11497,11512
11497,11513
11497,11514
8243,807
15197,15195
1985,581
1985,7742
1985,12256
1985,14271
1985,14272
1985,14273
1080,1078
1080,13274
1605,73
11309,346
11309,15076
11813,11812
11813,15466
12966,994
12966,11466
12966,11484
12966,12410
12966,12754
12966,12968
11501,5
11501,308
11501,507
11501,1828
11501,2102
11501,11025
11501,11041
11501,11184
11501,11243
11501,11250
11501,11500
11501,11511
11501,12631
11501,13859
11501,13862
11501,13905
11501,13909
11501,13910
11501,13913
11501,13914
11501,13915
11501,13916
11501,13917
11501,13918
11501,13919
11501,13920
11501,13921
11501,13922
11501,13924
11501,13926
11501,13927
11501,13928
11501,13929
11501,13930
11501,14613
11501,14709
11501,14898
11501,14900
11501,14902
11501,15428
11501,15553
11501,16154
13476,13473
15311,12308
15311,15318
14912,2486
2539,2538
5409,27
3797,697
2107,1546
2107,2104
2107,2105
2107,2106
2107,2108
2107,2109
2107,2110
2107,2111
2107,2112
2107,2113
2107,2115
2107,2116
11502,336
11502,400
11502,507
11502,508
11502,510
11502,11124
11502,11250
11502,11252
11502,11253
11502,11254
11502,11498
11502,11503
11502,11504
11502,11505
11502,11506
11502,11507
11502,11508
11502,11509
11502,11510
11502,11511
11502,11512
11502,11513
11502,11514
14700,1577
14700,2215
12063,12062
11538,11055
11538,11536
11538,11537
11538,11539
11064,457
11064,474
11064,823
11064,11078
11064,11133
11064,11176
11064,12286
11064,12298
11064,12299
11064,12311
11064,12315
11064,12330
11064,12750
13237,12403
11806,15466
2544,2543
14740,14208
14740,14868
14979,2180
11892,11425
11892,11611
11892,11812
11892,12200
5542,1868
5542,3915
14407,14408
11909,11357
11909,11367
11909,11910
11909,11911
7758,3861
13920,308
13920,436
13920,507
13920,1546
13920,1571
13920,2095
13920,2097
13920,2098
13920,2099
13920,2100
13920,2101
13920,2102
13920,2103
13920,11184
13920,11250
13920,11500
13920,11511
13920,12631
13920,13862
13920,13913
13920,13914
13920,13915
13920,13916
13920,13917
13920,13918
13920,13919
13920,13921
13920,13922
13920,13924
13920,13926
13920,13927
13920,13928
13920,13929
13920,13930
13920,14351
13920,14352
13920,15428
13920,16124
14929,818
14929,2185
14929,2186
14929,14431
14929,14458
14929,14928
15305,12256
15305,12459
14445,2170
14981,1537
14981,14980
398,2583
398,11025
15077,11138
15077,11631
15077,15078
13069,12431
13069,12540
11712,346
1864,404
1864,704
1864,1636
1864,1893
1864,14078
2489,2486
2489,2488
2489,2490
11113,158
11113,177
11113,325
11113,336
11113,354
11113,374
11113,506
11113,510
11113,1571
11113,1573
11113,1574
11113,1577
11113,11029
11113,11115
11113,11152
11113,11188
11113,11243
11113,11249
11113,11258
11113,11489
11113,11490
11113,11491
11113,11493
11113,11494
11113,11495
11113,13895
11113,13897
11113,13898
11113,13899
11113,13900
11113,13901
11113,13902
11113,13903
11113,13904
11113,14622
11113,16828
5561,1810
13994,648
13994,708
13994,14066
13994,14659
13078,12286
13078,13089
13078,13090
13078,13091
13078,13099
13078,13114
13078,13135
12493,171
12493,11058
12493,11151
12493,11257
12493,11466
12493,11468
12493,11483
12493,11484
12493,12492
12493,12494
12854,12328
12854,12851
12854,12853
12854,12855
11978,11378
11978,15278
15216,11051
15216,11248
15216,11612
15216,11654
15216,12948
15216,15217
15216,15218
15216,15219
7754,3840
11415,11791
11415,12050
14244,1942
11903,11902
12327,827
12327,12326
13155,13102
12064,11396
12064,13463
12064,13467
15388,305
2166,1538
2166,2167
2166,2168
11498,336
11498,400
11498,507
11498,508
11498,510
11498,11124
11498,11250
11498,11252
11498,11253
11498,11254
11498,11259
11498,11494
11498,11496
11498,11499
11498,11500
11498,11503
11498,11504
11498,11505
11498,11506
11498,11507
11498,11508
11498,11509
11498,11510
11498,11511
11498,11512
11498,11513
11498,11514
11498,14961
11498,14963
15437,354
15437,11511
7634,118
2441,56
2441,2440
2441,14832
2498,2409
2498,2499
14506,14476
14506,14507
14506,14508
14506,14509
14506,14510
14506,14511
15256,11408
15256,11413
15256,11653
15256,11654
15256,15205
15256,15257
15256,15259
15256,15260
11833,11437
11833,11473
11833,11863
7759,2592
13801,12242
13801,14182
13801,14777
13801,14965
13298,12643
13298,12903
13298,13297
13298,13299
13298,13300
13298,15489
13298,15490
7735,7734
12554,11140
12554,12555
12554,12556
12554,12557
12554,12558
12554,12559
12932,12930
12932,12931
11941,11371
11941,11938
11941,11939
11941,11940
12706,12698
12706,12702
12706,12707
12511,171
12511,11466
12511,12405
12511,12492
12511,12512
5515,2353
5515,5516
2549,2548
3807,435
7847,581
11339,413
11339,11329
11339,11815
11339,11816
6605,807
1854,1851
1854,1853
1854,1855
1854,1856
1854,1857
1854,1858
1854,1859
1854,3635
7674,452
3844,581
12851,500
12851,12328
12851,12355
12851,12410
12851,12492
12851,12847
12851,12852
12851,12853
12851,12855
12851,12857
677,18
677,1935
677,12235
677,13515
14211,13912
12101,11144
12101,11811
12101,11853
12101,11899
15149,15150
12787,12784
12787,12785
12787,12786
5502,1708
11976,11378
2477,19
2477,2475
2477,2476
2477,2478
2477,2479
11879,11362
13859,305
13859,13905
14278,452
507,336
507,350
507,400
507,436
507,508
507,510
507,1546
507,1571
507,1574
507,2095
507,2097
507,2098
507,2099
507,2100
507,2101
507,2102
507,2103
507,2121
507,11124
507,11244
507,11250
507,11252
507,11253
507,11254
507,11503
507,11504
507,11505
507,11506
507,11507
507,11508
507,11509
507,11510
507,11511
507,11512
507,11513
507,11514
507,14351
507,14352
507,15508
507,16124
11382,494
13117,921
13117,1046
14354,818
14354,14355
14354,14356
13959,11260
11816,413
11816,11329
14236,1870
13357,1097
14282,1998
6601,1892
2547,1533
13538,654
13538,1124
13538,1125
13538,1126
13538,1127
13538,12396
13538,13537
13538,13539
13538,13540
13538,13541
13538,13542
13538,13543
14631,14628
14631,14632
12150,12446
12150,12492
12150,13638
11411,11144
11411,11351
11411,11847
11411,12100
11413,11417
11413,11418
11413,11855
11413,12104
11413,12105
11413,12107
11413,15165
11413,15179
14529,327
14529,2132
14529,11089
14529,13852
14529,14356
14529,14520
14529,14521
14529,14522
14529,14523
14529,14524
14529,14525
14529,14526
14529,14527
14529,14528
14529,14530
14529,14531
14529,14532
16828,177
16828,336
16828,506
16828,510
16828,11188
16828,11258
16828,11489
16828,11490
16828,11491
16828,11493
16828,11494
16828,11495
12846,12399
12846,12410
12846,12835
12846,12836
12846,12837
12846,12838
12846,12839
12846,12840
12846,12841
12846,12842
12846,12843
12846,12844
11009,11466
12758,12755
1993,646
2566,56
2566,5526
5499,1518
5601,1078
2368,581
581,435
581,582
581,646
581,647
581,648
581,656
581,689
581,704
581,973
581,1419
581,1531
581,1660
581,1669
581,1736
581,1869
581,1870
581,1871
581,1890
581,1898
581,1919
581,1920
581,1921
581,1922
581,1932
581,1933
581,1942
581,1946
581,1959
581,1968
581,1972
581,1979
581,1980
581,1981
581,1989
581,1997
581,2007
581,2218
581,2253
581,2350
581,2379
581,2392
581,2393
581,2540
581,2577
581,2592
581,3471
581,3633
581,3658
581,3831
581,3832
581,3833
581,3834
581,3835
581,3837
581,3840
581,3841
581,3846
581,3848
581,3849
581,3850
581,3851
581,3852
581,3854
581,3856
581,3857
581,3858
581,3859
581,3861
581,3862
581,3863
581,3865
581,5196
581,7705
581,7732
581,7733
581,7734
581,7773
581,7774
581,7775
581,7776
581,7777
581,7778
581,7779
581,7780
581,7781
581,7782
581,7803
581,7805
581,7806
581,7807
581,7808
581,7809
581,7810
581,7811
581,7812
581,7813
581,7814
581,7815
581,7816
581,7817
581,7818
581,7819
581,7820
581,7821
581,7822
581,7823
581,7824
581,7825
581,7826
581,7827
581,7828
581,7829
581,7830
581,7831
581,7832
581,7833
581,7834
581,7835
581,7836
581,7837
581,7838
581,7839
581,7840
581,7841
581,7842
581,7843
581,7845
581,7846
581,7848
581,7849
581,7850
581,7851
581,7852
581,7853
581,7854
581,7855
581,7856
581,7857
581,7858
581,7859
581,14215
581,14216
581,14221
581,14866
3875,656
2493,2483
5513,1863
12974,12973
340,164
340,207
340,272
340,5419
340,5424
340,5425
340,5427
13111,12328
13111,13112
12054,11394
1977,1972
1977,1976
1977,1978
2499,2409
15283,11243
13644,12286
13644,13645
13918,308
13918,11184
13918,11250
13918,11500
13918,11511
13918,12631
13918,13862
13918,13913
13918,13914
13918,13915
13918,13916
13918,13917
13918,13919
13918,13921
13918,13922
13918,13924
13918,13926
13918,13927
13918,13928
13918,13929
13918,13930
13918,15428
452,435
452,590
452,960
452,976
452,1996
452,3467
452,3468
452,3817
452,3819
452,3820
452,7643
452,7645
452,7646
452,7656
452,7657
452,7658
452,7659
452,7660
452,7661
452,7662
452,7669
452,7670
452,7671
452,7672
452,7673
452,7675
452,7676
452,7677
452,7678
452,7679
452,7680
452,7681
452,7682
452,7683
452,7684
452,7685
452,7686
452,7687
452,7688
452,7689
452,7690
452,7691
452,7692
452,12249
452,12309
452,13975
452,14280
5568,2589
5413,272
5610,649
11975,11063
11975,11187
11975,11881
10548,10547
15561,12732
15561,13670
11285,11248
13268,13269
11798,11155
11798,11603
13593,12286
16141,11025
7801,656
11971,11377
13127,474
3793,3791
13318,13314
14373,1724
14373,2114
14373,2128
14373,14374
13001,12994
2118,350
2118,1097
2118,2120
3938,132
13244,1076
13695,13337
15182,15179
15182,15185
336,177
336,308
336,374
336,400
336,506
336,508
336,510
336,11124
336,11188
336,11243
336,11244
336,11250
336,11252
336,11253
336,11254
336,11258
336,11259
336,11280
336,11489
336,11490
336,11491
336,11493
336,11494
336,11495
336,11496
336,11499
336,11500
336,11503
336,11504
336,11505
336,11506
336,11507
336,11508
336,11509
336,11510
336,11511
336,11512
336,11513
336,11514
336,11516
2889,1868
5480,1636
2538,1013
3643,647
11051,413
11051,11135
11051,11155
11051,11192
11051,11248
11051,11612
11051,11635
11051,11643
11051,11644
11051,11645
11051,11646
11051,11649
11051,11650
11051,11651
11051,12149
11051,12948
11230,73
11230,11231
12892,1010
11667,487
11667,11535
11667,11536
11667,11668
3886,648
5490,1636
11788,11787
11955,11063
11955,11374
11955,11377
11955,11953
11955,12164
15458,13015
12476,357
12476,12286
12476,12354
12476,12417
12476,13092
12476,13138
12476,13174
12476,13218
12476,13339
12476,13343
1851,404
1851,1546
1851,1853
1851,1855
1851,1856
1851,1857
1851,1858
1851,1859
1851,3635
1851,14163
1851,14164
1851,14165
1851,14166
1851,14167
1851,14168
1851,14169
11352,11337
11352,11351
11352,11644
12378,827
12378,12380
12378,12381
1438,27
1438,184
1438,2170
1438,2212
2112,1546
2112,2104
2112,2105
2112,2106
2112,2108
2112,2109
2112,2110
2112,2111
2112,2113
2112,2115
2112,2116
2575,1636
11121,11078
11121,12286
13464,13463
13488,12684
13488,13331
13488,13487
14361,1546
14361,2114
14776,14777
14776,15538
11188,177
11188,305
11188,506
11188,510
11188,11152
11188,11243
11188,11258
11188,11489
11188,11490
11188,11491
11188,11493
11188,11494
11188,11495
2163,299
2163,770
2163,772
2163,1996
2163,2148
2163,2160
2163,2161
2163,2165
2163,5398
1997,14281
7645,976
4285,406
1889,399
1889,14196
1889,14203
13083,12277
13083,12633
13083,13082
13126,474
1002,457
1002,12286
16142,2475
16142,14414
1545,399
14056,3627
14055,224
12982,1094
12982,12975
15556,12836
15556,12987
15556,13337
15556,15557
12602,11960
11600,275
11600,11760
11600,14517
1685,415
13542,654
13542,1124
13542,1125
13542,1126
13542,1127
13542,12396
13542,13537
13542,13539
13542,13540
13542,13541
13542,13543
13542,13547
13542,13548
13542,13549
13542,13550
2879,1532
2879,1941
2879,2589
2879,3924
2879,3925
2879,3926
2879,3927
2879,5448
2879,5562
2879,5571
2879,5572
2879,5573
2879,5574
2879,5575
2879,5576
2879,5577
2879,5578
2879,5579
2879,5580
2879,5581
2879,5582
2879,5583
2879,5584
2879,5585
2879,5586
2879,5587
2879,5588
2879,5589
2879,5590
2879,5591
2879,5592
11841,11248
11841,11348
11841,11351
11841,11842
11870,11357
11870,11404
587,118
12287,132
12287,12289
12287,12290
12287,12291
15238,11653
15238,15239
1568,845
132,415
132,582
132,762
132,781
132,807
132,3935
132,3936
132,3939
132,3941
132,12288
132,12289
132,12290
132,12291
132,12292
132,14057
132,15292
15223,15220
5536,56
11853,11144
11853,11187
11853,11351
11853,11359
11853,11811
11853,11854
11853,11899
11853,11974
11853,12205
938,297
938,937
938,13173
938,13183
7704,435
12938,12215
12938,12939
13681,12405
13681,13680
5981,1987
11557,11342
11557,11346
2840,2337
14398,1538
14398,2146
15546,14868
11408,11653
11408,11654
11408,11904
11408,12096
11408,12098
11408,12099
11408,12178
11408,15165
11408,15179
13639,12684
13639,13202
13639,13638
13639,15481
13639,15482
13639,15483
12398,474
12398,11449
12398,12286
12398,12396
12398,12732
12398,12784
12398,12865
12398,13202
12398,15470
1030,499
2106,1546
2106,2104
2106,2105
2106,2108
2106,2109
2106,2110
2106,2111
2106,2113
2106,2115
2106,2116
11730,487
11730,11286
11730,11298
11730,11307
11730,11326
11730,11669
11730,11743
11730,12153
11730,15067
11730,15068
5587,1810
13696,13337
15503,13443
15415,11929
13864,139
13864,13865
13864,15291
11690,11319
11690,11689
1496,770
1496,1828
1496,1833
1496,1835
1496,2114
1496,2123
1496,11511
1496,11514
1496,13716
1496,13915
1496,14149
15278,12628
15278,12635
12388,544
12912,863
12912,1166
12912,12445
12912,12446
12912,12783
12912,12865
12912,12914
12912,12916
12912,12918
15233,15230
588,118
16127,2218
16127,14544
16127,14545
16127,14546
16127,16126
5482,2581
12209,12206
12209,12208
14521,327
14521,2132
14521,11089
14521,13852
14521,14356
14521,14520
14521,14522
14521,14523
14521,14524
14521,14525
14521,14526
14521,14527
14521,14528
14521,14530
14521,14531
14521,14532
12568,11140
12568,11929
12568,12570
12568,12571
14494,237
14494,1538
14494,1724
14494,14084
14494,14210
14494,14429
14494,14475
14494,14476
14494,14561
14494,14649
14494,14650
14494,14651
14494,14911
14494,14976
14494,14977
14494,14978
12733,12726
13451,13450
15199,15192
3882,845
1939,1871
1939,7716
12484,11058
12484,12485
12484,12486
11499,308
11499,400
11499,11254
11499,11259
11499,11494
11499,11496
11499,11500
11499,13915
11499,13921
11499,13978
11499,13979
13174,357
13174,12405
13174,13176
13174,13343
13174,13439
1857,1853
1857,1855
1857,1856
1857,1858
1857,1859
1857,3635
12065,11396
12702,12698
12702,12707
12452,297
12452,12518
12452,12732
12452,13673
2167,2168
7863,704
13486,1111
12400,11484
12400,12328
12400,12396
12400,12399
12400,12939
12400,12940
12346,11078
12346,12344
12346,12347
13993,326
13993,16154
11997,494
11997,11996
10546,2340
10546,10547
14219,1013
14219,14223
1978,1972
1978,1976
2151,1532
2151,13912
928,297
928,1049
928,12648
928,13118
928,13119
928,13120
1875,1872
1875,1874
1875,1876
7633,118
14470,1613
14470,14469
14470,14471
14470,14472
14470,14473
14470,14474
14488,14487
13559,12328
6630,6628
5629,5628
5629,5630
1828,770
1828,1831
1828,1833
1828,1835
1828,1868
1828,2123
1828,11244
1828,15513
14497,14476
11156,27
11156,818
11156,13852
11156,14007
11190,11063
11190,11134
11190,11135
11190,11242
11190,11656
11190,12196
11190,12248
11190,12257
1963,1959
1963,1962
1963,1964
1963,1965
1963,1966
1963,1967
5459,2579
13469,13466
13469,13468
13469,13470
13469,13471
12991,1097
12991,1547
12991,12992
12991,13881
12991,13882
12991,13883
11045,73
11045,11459
11045,11465
11045,12769
11045,12814
11807,11336
15222,15220
13338,13333
12180,11654
12180,12179
12180,12181
12180,12182
12180,12183
14202,399
3803,976
15030,73
15030,11151
15030,11257
15030,11484
15030,11485
11859,11353
11859,11359
11859,14953
14218,1013
2188,2182
2188,2189
2188,2190
2188,2191
2188,2192
2188,2193
12439,297
12478,649
12478,12479
12409,12407
12409,12862
12691,457
12201,11248
12201,11645
12201,12202
11394,11396
11394,11653
11394,11844
11394,12053
1991,1990
11363,11344
11363,11653
11363,11654
11363,11884
11063,492
11063,11135
11063,11140
11063,11159
11063,11187
11063,11242
11063,11369
11063,11379
11063,11396
11063,11656
11063,11881
11063,11882
11063,11929
11063,11953
11063,11960
11063,11982
11063,12164
11063,12196
11063,12257
11063,12365
11063,12550
11063,12551
11063,12552
11063,12612
11063,12696
11063,15171
13552,13535
12698,544
12698,12328
12698,12699
12698,12700
12698,12705
12698,12707
14998,1529
14998,14997
7620,3610
11746,275
11746,11328
12895,12328
12895,12894
7728,1942
14997,1529
12354,11078
12354,12286
12354,12732
12354,12793
2192,2182
2192,2189
2192,2190
2192,2191
2192,2193
7725,646
584,118
584,696
584,3467
584,7629
13582,12286
13947,327
13947,415
13947,1599
13947,11095
13947,11251
13947,12306
13947,13948
13947,13949
13947,13950
13947,13951
13947,14252
14414,770
14414,2475
14414,11025
11968,11969
11968,12495
13847,27
13847,112
13847,1539
13847,13838
13847,13848
13847,14930
13847,15381
11786,11128
11786,11334
11786,11338
11786,11644
11786,11785
11786,11800
11786,11801
12166,12552
865,689
865,1987
865,2254
865,5367
11981,15229
11981,15267
13201,1062
5457,1721
12709,12708
14352,436
14352,1546
14352,1571
14352,2095
14352,2097
14352,2098
14352,2099
14352,2100
14352,2101
14352,2102
14352,2103
14352,14351
14352,16124
5395,1714
13692,13337
12960,12835
12960,12961
15423,15424
2144,139
2144,2143
2144,14390
7795,845
1980,1881
1645,297
11926,11370
11926,11927
12955,499
12955,12956
12955,12957
13520,13518
14154,1824
14154,14153
5452,1721
14449,14918
2215,1577
2215,2320
2215,2321
2215,11244
2215,14692
2215,14693
2215,14699
11038,1613
11038,11029
11038,11049
11038,11279
11038,11280
12519,12277
14965,11025
14965,11511
14965,14182
12408,457
12408,12407
13448,13443
14687,920
14687,12328
3635,1853
3635,1855
3635,1856
3635,1858
3635,1859
6635,404
13074,13066
13074,13075
14498,14476
7799,656
11252,400
11252,508
11252,510
11252,1571
11252,1634
11252,11124
11252,11244
11252,11250
11252,11253
11252,11254
11252,11503
11252,11504
11252,11505
11252,11506
11252,11507
11252,11508
11252,11509
11252,11510
11252,11511
11252,11512
11252,11513
11252,11514
11252,13987
3912,404
11317,487
11317,11300
11317,11319
11317,11675
11317,11678
11317,11680
11317,11681
11317,11683
11317,11684
11317,11685
11317,11691
13453,13450
11753,275
11753,11701
11753,11711
11753,11749
11753,11750
11753,11751
11753,11752
11753,11754
12561,11929
13332,12684
1948,1946
1948,1947
1948,15493
1885,782
1885,1881
1885,1883
1885,1884
1885,1886
1885,1887
1885,3638
1885,14193
12370,12372
5608,1078
5421,5412
11462,73
11462,11463
11462,11464
13671,12732
13844,12309
5611,649
12317,824
12317,825
12317,826
12317,827
12317,12318
1869,704
13004,12994
13331,12684
13331,13487
2534,56
2534,1546
2534,1620
12191,11654
12191,12182
12191,12184
12191,12185
12191,12186
12191,12187
12191,12188
12191,12189
12191,12190
12191,12192
12191,12193
12191,12194
12191,12195
12380,827
12380,12381
12277,297
12277,401
12277,994
12277,12268
12277,12453
12277,12643
12277,12653
12277,12774
12277,12775
12277,14836
14466,12482
14896,11244
14896,14895
3893,646
14254,1959
14254,14253
14254,14255
14254,14256
12512,171
12512,500
7731,1989
13051,1031
13051,12123
1853,1855
1853,1856
1853,1858
1853,1859
1982,435
1982,14265
3927,1810
11473,493
11473,11354
11473,11365
11473,11367
11473,11370
11473,11371
11473,11436
11473,11651
11473,11653
11473,11654
11473,11864
11473,11867
11473,11901
11473,11923
11473,11957
11473,12095
11473,12365
11473,12538
11473,12539
11473,15267
11671,496
11671,11320
11671,11326
11671,11601
11671,12142
11671,12156
11671,12157
11671,14538
11671,15067
11671,15075
13544,1124
13544,1126
13544,13545
13544,13546
13418,13420
13418,13422
294,215
294,794
294,821
294,824
294,827
294,828
294,12272
294,12793
294,15443
11329,275
11329,413
2121,350
2121,2094
14701,1868
14701,11244
14651,1724
14651,14210
14651,14429
14651,14475
14651,14649
14651,14650
15298,13872
14365,11542
14365,11550
15200,11138
15200,11612
15200,15201
15200,15202
15200,15203
15200,15204
15200,15267
15200,15268
11481,73
11481,11280
11481,11480
11481,11482
11481,11485
11481,11486
2081,4273
2081,4283
12061,11396
12061,12062
987,1901
987,1958
987,8584
14174,1860
827,215
827,824
827,825
827,826
827,828
827,12272
827,12318
827,12323
827,12324
827,12325
827,12326
827,12329
827,12372
827,12379
827,12381
827,12382
14908,2475
7798,656
14286,2000
11537,11055
11537,11536
11537,11539
369,326
13246,1076
14228,818
488,275
488,346
488,11550
488,11551
488,11734
488,11737
488,11765
488,11766
488,11768
488,11769
488,11770
488,11771
488,11772
488,11773
488,11774
3468,3467
12830,499
12830,12410
12830,12750
12830,12825
12830,12826
12830,12827
12830,12828
12830,12829
12830,12831
12830,12832
12177,11226
12177,11248
12177,11951
309,419
309,654
309,892
309,1031
309,3928
309,11242
12779,12286
12779,12396
12779,12781
13190,12670
13190,13189
14288,2000
13215,1062
13215,12328
12405,171
12405,500
12405,879
12405,11058
12405,11151
12405,11257
12405,11450
12405,11451
12405,11466
12405,11484
12405,12403
12405,12417
12405,12483
12405,12487
12405,12492
12405,12509
12405,12528
12405,12865
12405,12921
12405,12925
12405,12950
12405,12992
12405,12993
12405,12994
12405,13175
12405,13176
12405,13187
12405,13202
12405,13205
12405,13210
12405,13235
12405,13425
12405,13428
12405,13432
12405,13477
12405,13527
12405,13529
12405,15029
696,697
11336,11612
11336,11726
11336,11787
13546,1124
13546,1126
13546,13545
173,297
3946,1892
11055,11535
11055,11536
11055,11539
11055,11540
11055,11541
14913,2486
15430,12449
404,56
404,399
404,604
404,704
404,1013
404,1620
404,1708
404,1813
404,1817
404,1818
404,1820
404,1822
404,1837
404,1839
404,1892
404,1893
404,2211
404,2574
404,3434
404,3750
404,3751
404,3752
404,3753
404,3754
404,3903
404,3904
404,3905
404,3908
404,3910
404,3911
404,3913
404,3914
404,6618
404,6619
404,6620
404,6621
404,6625
404,6628
404,6631
404,6632
404,6634
404,6636
404,6637
404,6638
404,6639
404,6640
404,8587
404,11243
404,11244
404,13567
404,14146
404,14147
404,14247
404,14619
404,15461
404,15462
2123,1833
2123,1835
2123,2114
5518,5517
11228,11194
11228,11227
11228,15586
12543,11961
11349,11650
11349,11843
11349,11844
11349,11845
13895,177
13895,374
13895,1571
13895,11489
13895,13897
11912,11367
11912,11374
11912,11791
11912,11923
11912,15157
11912,15158
2170,1652
2170,1721
2170,2114
2170,2171
2170,13857
2170,14446
2170,14447
2170,14448
2170,14450
2170,14451
15553,16154
13090,11238
13090,13091
13090,13099
11506,400
11506,508
11506,510
11506,11124
11506,11250
11506,11253
11506,11254
11506,11503
11506,11504
11506,11505
11506,11507
11506,11508
11506,11509
11506,11510
11506,11511
11506,11512
11506,11513
11506,11514
3812,435
3913,3909
12291,12289
12291,12290
13202,288
13202,474
13202,11238
13202,11449
13202,11483
13202,11484
13202,12328
13202,12684
13202,12717
13202,12931
13202,13037
13202,13203
13202,13204
13202,13206
13202,13207
13202,13208
13202,13209
13202,13210
13202,13211
13202,13212
13202,13481
13202,15479
13202,15481
13202,15482
13202,15483
11254,308
11254,400
11254,508
11254,510
11254,1714
11254,1888
11254,11124
11254,11250
11254,11253
11254,11503
11254,11504
11254,11505
11254,11507
11254,11508
11254,11509
11254,11510
11254,11511
11254,11512
11254,11513
11254,11514
11254,13915
11254,13921
11254,13978
11254,13979
11254,14148
11254,14180
11254,14379
11254,14380
11254,14381
11254,14382
11254,14383
14000,354
14235,1870
14235,14234
12643,215
12643,297
12643,794
12643,863
12643,1088
12643,12272
12643,12328
12643,12386
12643,12449
12643,12539
12643,12565
12643,12644
12643,12903
12643,13294
12643,13296
12643,13297
12643,13299
12643,13300
12643,13307
12643,15489
12643,15490
15452,1022
1127,654
1127,1124
1127,1125
1127,1126
1127,12396
1127,13537
1127,13539
1127,13540
1127,13541
1127,13543
11129,11255
11129,11256
14909,1721
11539,11536
14077,656
14738,815
14382,1714
14382,1888
14382,13915
14382,14148
14382,14180
14382,14379
14382,14380
14382,14381
14382,14383
11550,11307
11550,11542
11550,11551
11550,11766
1934,435
1934,1932
6608,6606
12190,11654
12190,12182
12190,12184
12190,12185
12190,12186
12190,12187
12190,12188
12190,12189
12190,12192
12190,12193
12190,12194
12190,12195
14933,15559
3985,1987
13,73
13,177
13,227
13,325
13,400
13,447
13,1573
13,1604
5471,2584
13348,1094
15094,11601
15094,15095
15094,15097
3808,435
14411,770
13223,11232
13223,13224
11005,11342
11005,11396
11005,11601
11005,11612
11005,15118
11005,15220
11005,15221
11046,11451
11046,12509
11754,275
11754,11701
11754,11711
11754,11749
11754,11750
11754,11751
11754,11752
1992,646
14159,1837
14159,14160
11760,275
1862,1708
1862,14177
1862,14178
12126,11134
11507,400
11507,508
11507,510
11507,11124
11507,11250
11507,11253
11507,11503
11507,11504
11507,11505
11507,11508
11507,11509
11507,11510
11507,11511
11507,11512
11507,11513
11507,11514
14222,1920
14222,14221
14222,15319
13608,13607
12767,544
12767,12328
1010,457
1010,990
1010,12286
1010,12311
1010,12355
1010,12747
1010,12893
5428,272
12959,12835
14702,14613
14702,15536
1855,1856
1855,1858
1855,1859
6594,1660
14430,1715
3656,2004
3656,2005
3656,3657
7720,1871
879,457
879,500
879,11450
879,11466
879,12407
879,12492
879,12805
879,12810
879,12862
879,13041
879,13428
879,13655
111,163
111,327
111,11018
111,11019
111,11095
111,12256
111,13873
111,13874
111,13875
111,13876
111,13877
111,13878
111,13879
7635,118
11738,11322
12579,11654
12579,11974
11348,11365
11348,11842
14911,237
14911,1538
14911,2486
14911,14084
14911,14429
14911,14561
14911,14976
14911,14977
14911,14978
14251,1955
7714,1871
7714,7715
11151,73
11151,171
11151,11025
11151,11058
11151,11257
11151,11466
11151,11468
11151,11471
11151,11482
11151,11483
11151,11484
11151,11485
11151,12410
11151,12492
11151,12494
11151,12513
11151,12523
11151,12524
11151,12525
11151,12526
11151,12527
11151,12528
11151,12529
11151,12530
11151,12534
11151,12535
11151,15029
10549,10547
13171,13114
11489,177
11489,374
11489,506
11489,510
11489,1571
11489,11258
11489,11490
11489,11491
11489,11493
11489,11494
11489,11495
11489,13897
14616,350
13144,13142
13856,1540
13856,13857
15179,11372
15179,15184
15179,15185
11770,11769
13848,27
13848,112
12548,11242
12548,12547
12548,12625
8248,807
14664,13957
12761,12393
12761,12755
12761,12759
12761,12760
13936,327
13936,415
13936,11034
13936,11095
13936,13950
13846,12256
12731,12726
13073,13066
13073,13496
12510,171
12510,11466
12510,12328
12510,12494
12510,12692
7729,1942
15438,457
15438,12692
14793,818
2773,297
11438,11378
5353,1636
5353,2582
15443,215
15443,794
15443,12272
15443,12793
13443,171
13443,12431
13443,15504
13470,13466
13470,13468
13470,13471
400,73
400,177
400,227
400,285
400,308
400,325
400,333
400,508
400,510
400,11124
400,11250
400,11253
400,11503
400,11504
400,11505
400,11508
400,11509
400,11510
400,11511
400,11512
400,11513
400,11514
400,13915
400,13921
400,13978
400,13979
237,299
237,1538
237,1723
237,11048
237,14047
237,14052
237,14084
237,14429
237,14561
237,14976
237,14977
237,14978
11425,11248
11425,12537
7789,656
13139,12286
13139,12747
13139,13140
13139,13141
13961,415
13961,2500
13961,11095
13961,12303
13961,13960
13961,13962
13961,13963
13961,14025
13961,14026
13961,14027
13961,14028
13961,14029
13961,14030
13961,14031
13961,14032
13961,14476
13961,14773
14500,14476
14500,14551
12207,12206
2102,436
2102,1546
2102,1571
2102,2095
2102,2097
2102,2098
2102,2099
2102,2100
2102,2101
2102,2103
2102,14351
2102,16124
13658,11229
299,105
299,112
299,364
299,415
299,770
299,772
299,1721
299,1723
299,1996
299,2148
299,2160
299,2161
299,2165
299,2483
299,3518
299,5398
299,11048
299,14047
299,14052
11900,11362
14199,399
11957,493
11957,11654
11957,11958
5456,1721
15228,12633
15228,15229
5566,2589
12557,11140
12557,12558
12557,12559
13886,13885
5397,401
11960,492
11960,11140
11960,11159
11960,11187
11960,11369
11960,11882
11960,11919
11960,11929
11434,11651
11434,12148
12958,12835
13438,13034
15099,12196
11790,11612
11790,11791
11790,11792
11785,11128
11785,11338
11785,11644
11865,11248
11865,11651
11865,11866
1899,1892
1899,1895
1899,1896
1899,1897
1899,1898
1899,1900
1899,14204
2334,1636
6616,2574
11155,275
11155,413
11155,11022
11155,11128
11155,11138
11155,11192
11155,11203
11155,11333
11155,11412
11155,11414
11155,11599
11155,11603
11155,11612
11155,11613
11155,11623
11155,11624
11155,11625
11155,11626
11155,11791
11155,11797
794,215
794,795
794,821
794,12272
794,12314
794,12793
2837,2337
3610,4274
3610,4287
3610,7619
3610,7621
274,506
15211,15205
15211,15212
14763,11025
14763,11243
13220,11257
13220,11466
13220,13232
3512,297
13626,1166
13917,308
13917,11184
13917,11250
13917,11500
13917,11511
13917,12631
13917,13862
13917,13913
13917,13914
13917,13915
13917,13916
13917,13919
13917,13921
13917,13922
13917,13924
13917,13926
13917,13927
13917,13928
13917,13929
13917,13930
13917,15428
14469,1613
14469,14471
14469,14472
14469,14473
14469,14474
825,824
825,826
825,12318
12342,11078
12342,12340
5924,1983
13689,13688
13689,13690
5584,1810
15460,13024
7739,1870
7867,704
2583,1613
2583,1919
12760,12393
12760,12755
12760,12759
11089,27
11089,327
11089,1601
11089,2132
11089,11052
11089,13852
11089,13953
11089,14356
11089,14485
11089,14522
11089,14523
11089,14524
11089,14525
11089,14526
11089,14527
11089,14528
11089,14530
11089,14531
14990,1534
14990,14986
14990,14987
14990,14989
1547,73
1547,994
1547,1549
1547,11466
1547,12296
1547,13881
1547,13882
1547,13883
1547,13884
11362,11351
11362,11355
11362,11367
11362,11373
11362,11377
11362,11414
11362,11843
11362,11867
11362,11880
11362,11881
11362,11882
11362,11921
14642,11025
14642,14533
14642,14640
14642,14641
13341,350
13341,13339
11454,73
11952,11373
14245,1898
5604,1078
1825,1824
11120,357
11120,11185
2135,770
2135,1713
2135,1714
2135,1715
2135,2131
2135,2132
2135,2133
2135,2134
2135,2136
2135,2141
2135,2527
2135,5399
2135,14385
784,415
784,1013
784,12256
784,14657
784,14658
14973,1819
13877,327
13877,11018
13877,11019
13877,11095
13877,12256
13877,13874
13877,13875
13877,13876
13877,13878
13877,13879
12670,288
12670,457
12670,499
12670,12269
12670,12286
12670,12348
12670,12743
12670,12744
12670,12745
12670,12746
12670,12748
12670,12808
12670,13189
12670,13196
12670,13364
12670,13518
1983,435
1983,1987
1983,3988
1983,3989
12983,12475
12983,12732
12983,13676
15317,12242
11144,11248
11144,11811
11144,11899
11144,11961
11689,11319
11689,15063
11961,11375
11961,11962
11961,11963
11961,12541
11961,12542
11961,12544
14685,920
14685,14686
13234,357
1920,782
1920,1921
1920,1922
1920,5379
1920,14221
1920,15319
12450,297
12712,862
12712,12315
12712,12710
12712,12711
12712,12713
12712,12714
12712,12715
12712,12920
12712,13012
12712,13026
12712,13248
15536,14613
11765,275
11765,15520
11888,11654
13037,11483
13037,11484
13037,13036
13037,13211
11737,275
11737,11736
12827,499
12827,12410
12827,12750
12827,12825
12827,12826
12827,12828
12827,12829
12827,12831
12827,12832
13005,12994
6625,6626
496,563
11720,346
11720,11322
11720,11713
13926,308
13926,11184
13926,11250
13926,11500
13926,11511
13926,12631
13926,13862
13926,13913
13926,13914
13926,13915
13926,13916
13926,13919
13926,13921
13926,13922
13926,13924
13926,13927
13926,13928
13926,13929
13926,13930
13926,15428
1717,287
1717,1721
1717,1837
2251,56
13045,191
13045,499
13045,11070
13045,13891
13664,13662
13664,13665
1989,646
1989,3868
1989,3869
14209,782
15151,11884
14710,11025
14710,14613
14710,14703
2589,1810
2589,5563
2589,5564
2589,5565
2589,5567
2589,5569
2589,5570
11635,11138
11635,11226
11635,11333
11635,11334
11635,11343
11635,11370
11635,11631
11635,11634
11635,11644
11635,11645
11635,12174
12591,11140
12591,12588
12591,12589
12591,12590
12900,12311
12900,12853
12900,12902
487,534
487,11286
487,11298
487,11320
487,11535
487,11536
487,11541
487,11666
487,11668
487,11669
487,11670
487,11672
487,11673
487,11674
14459,2148
14459,2182
14459,2185
14459,2186
14459,14479
14459,15517
2527,770
2527,1713
2527,1714
2527,1715
2527,2131
2527,2132
2527,2133
2527,2134
2527,2136
2527,2141
2527,5399
2527,14385
13179,13177
11474,1031
11474,1036
11474,11242
11474,12260
11474,12551
11474,13355
11474,13498
11474,15401
12118,11418
12118,12117
12118,12119
5392,1679
5392,2114
5392,5391
12197,11203
12197,12198
12197,12199
14641,11025
14641,14533
14641,14640
11421,346
11421,11713
11421,12131
11684,11398
14270,14269
14481,2194
5615,649
11504,508
11504,510
11504,11124
11504,11250
11504,11253
11504,11503
11504,11505
11504,11508
11504,11509
11504,11510
11504,11511
11504,11512
11504,11513
11504,11514
2480,1721
2480,1724
2480,2178
2480,2481
2480,2482
2480,2483
2480,2484
2480,2485
11463,73
11463,11464
13112,12328
15123,11248
15123,11612
15123,11651
11488,73
11488,11280
13285,1078
13285,13281
13285,13283
13285,13284
862,401
862,491
862,544
862,654
862,863
862,12389
862,12393
862,12394
862,12395
862,12865
862,12884
862,13047
14716,14717
14716,14720
14716,14721
14716,14722
13884,11070
14870,506
14870,11244
13259,13256
13259,13257
13259,13258
13259,13261
8250,807
11885,492
11885,11375
11885,11654
13979,308
13979,704
13979,11244
13979,11511
13979,13909
13979,13915
13979,13921
13979,13978
13979,14613
13979,14619
13979,14705
13979,14706
13979,14707
14152,11025
14152,13827
12196,11135
12196,11140
12196,11242
12196,11372
12196,11656
12196,11982
12196,12257
12196,12268
12196,12365
12196,12551
11703,346
11703,11307
11703,11308
1907,782
1907,1906
1907,1908
1907,1910
1907,5359
1907,5363
14027,415
14027,12303
14027,13960
14027,14025
14027,14026
14027,14028
14027,14029
14027,14030
14027,14031
14027,14032
2543,1013
14472,1613
14472,14471
14472,14473
14472,14474
14832,2440
14832,11244
14832,14703
13642,1111
14928,818
14928,2185
14928,2186
14928,14431
14928,14458
5524,1636
1036,297
1036,401
16106,346
16106,11310
8534,1013
8534,1863
12696,12697
12270,215
11284,11819
11284,12206
11284,15220
11327,11307
11433,11203
11433,11612
11433,11651
11433,12147
11646,11248
11646,11351
11646,11418
11646,11645
11646,11829
2190,2182
2190,2189
2190,2191
2190,2193
5465,2579
11353,11178
11353,11248
12849,12494
12849,12847
14961,14963
14149,770
14149,3434
14149,11511
14149,11514
14149,13716
14149,13915
13874,327
13874,11018
13874,11019
13874,11095
13874,12256
13874,13873
13874,13875
13874,13876
13874,13878
13874,13879
13874,13949
13874,14035
13874,14037
14718,11612
14718,14719
5630,5631
14158,1837
2336,382
14774,14773
12969,12968
12399,12396
12399,12410
12399,12835
12399,12836
12399,12837
12399,12838
12399,12839
12399,12840
12399,12841
12399,12842
12399,12843
12399,12844
13146,12286
13146,12355
13146,12747
13146,13086
13547,13548
13547,13549
13547,13550
2546,1534
6612,1013
6612,6613
11797,11367
11797,11612
11797,11791
14550,12459
14550,14032
14550,14544
14550,14551
1101,13328
1101,13379
11464,73
1136,457
1136,12286
1136,13573
1884,782
1884,1881
1884,1883
1884,1886
1884,1887
1884,3638
1884,14193
12915,12916
14231,1932
12831,499
12831,12410
12831,12750
12831,12825
12831,12826
12831,12828
12831,12829
12831,12832
4284,4283
770,305
770,415
770,772
770,1713
770,1714
770,1715
770,1996
770,2122
770,2131
770,2132
770,2133
770,2134
770,2136
770,2141
770,2148
770,2149
770,2160
770,2161
770,2165
770,2182
770,5398
770,5399
770,11511
770,11514
770,13716
770,13915
770,14385
770,14409
770,14410
770,14412
770,14413
770,14415
770,14417
770,14418
770,14419
770,14434
770,15513
770,15514
15215,15205
14686,12393
1622,2505
7761,2592
12283,11176
1947,1946
1947,15493
1047,1046
12840,12410
12840,12835
12840,12836
12840,12837
12840,12838
12840,12839
12840,12841
12840,12842
12840,12843
12840,12844
13535,73
13535,11257
13535,11484
13535,11485
13535,12407
13535,12431
13535,12529
13093,13092
13900,158
13900,325
13900,1573
13900,1574
13900,11029
13900,11152
13900,11243
13900,11249
13900,13898
13900,13899
13900,13901
13900,13902
1006,297
1006,12328
1006,12884
2478,19
2478,2475
2478,2476
2478,2479
2585,1013
2585,1946
2585,8586
2597,1871
5572,1810
11444,11134
11444,11396
11444,11418
11444,11884
11444,12165
13339,1020
14540,2212
14540,14541
11514,508
11514,510
11514,11124
11514,11250
11514,11253
11514,11503
11514,11505
11514,11508
11514,11509
11514,11510
11514,11511
11514,11512
11514,11513
11514,13716
11514,13915
13281,1078
13281,13283
13281,13284
11820,11342
13195,1067
13195,13194
13245,1076
15231,15230
16100,15493
12703,1123
13358,1098
7783,2601
13516,1122
14860,13330
14865,818
14865,14867
12863,12328
14749,3670
14749,14750
7717,1871
14756,2131
14756,14755
14756,14757
2029,656
2029,7787
3788,697
3788,7647
14626,11244
11800,11334
11800,11801
13180,13181
14644,1724
13970,73
13970,227
13970,13891
13970,13972
13970,15703
11749,275
11749,11701
11749,11711
11749,11750
11749,11751
11749,11752
11749,12021
370,73
370,350
370,447
370,1604
370,13973
370,13974
14440,11048
14440,14434
14440,14437
14440,14438
14440,14439
14440,14441
14440,14442
14440,14443
14440,14444
11914,11367
11827,11344
11827,11826
12431,401
12431,12540
12431,12920
12431,13010
12431,13030
12431,13449
12431,13474
12431,13648
14652,1724
14403,2573
14403,11048
14403,12459
14403,14404
14403,14406
1935,1932
1935,1945
1935,1987
1935,12235
1935,13515
1935,14654
13310,12750
13310,13307
14657,12256
14657,14658
13466,13468
13466,13471
6623,6622
11492,1013
12744,474
12744,12286
12744,12348
12744,12745
12744,12746
12744,12754
12744,12897
12744,13087
12744,13092
12744,13130
14395,2146
1896,1892
1896,1895
1896,1897
1896,1898
1896,1900
5578,1810
13480,12328
1846,1813
12631,308
12631,11184
12631,11250
12631,11500
12631,11511
12631,13862
12631,13913
12631,13914
12631,13915
12631,13916
12631,13919
12631,13921
12631,13922
12631,13924
12631,13927
12631,13928
12631,13929
12631,13930
12631,15428
13683,13680
13683,13682
11602,413
11602,11334
11602,11601
11602,11603
13640,13638
12994,12328
12994,12393
12994,12475
12994,12995
12994,12996
12994,12997
12994,12998
12994,12999
12994,13000
12994,13003
5458,2579
12050,11393
12050,12051
12050,12113
15116,15113
2505,16086
11270,1990
2485,1721
2485,1724
2485,2178
2485,2481
2485,2482
2485,2483
2485,2484
14485,2194
14485,14482
14485,14483
14485,14484
12536,11654
12536,15414
7860,704
5936,1999
5936,5937
11970,11377
13998,354
13998,11025
13998,13999
11450,73
11450,500
11450,501
11450,11449
11450,11451
11450,12355
11450,12403
11450,12810
11450,12811
11450,13041
12019,11387
12019,12020
12961,12835
12920,544
12920,13010
12920,13024
12920,13046
12387,544
12387,12268
13159,13156
13159,13160
11021,11026
12641,12122
12641,12268
12641,15427
13675,12732
2006,3658
2006,14291
2006,14292
2006,14293
13033,13030
13929,308
13929,11184
13929,11250
13929,11500
13929,11511
13929,13862
13929,13913
13929,13914
13929,13915
13929,13916
13929,13919
13929,13921
13929,13922
13929,13924
13929,13927
13929,13928
13929,13930
13929,15428
14503,14476
1011,457
11891,11132
5545,1902
13044,1020
14939,2501
13334,13333
5538,56
3471,708
13872,815
13872,13873
13872,14256
1680,415
13954,14385
13954,14453
15446,1007
15273,15267
12267,215
14480,2194
1961,1959
4290,4279
11256,11255
11326,11678
11326,11681
11326,11693
11326,11742
11326,11743
11326,11744
14257,1959
12337,11078
14453,14385
12475,11466
12475,12473
12475,12910
12475,12984
12475,13006
12996,13006
12886,12446
12886,12884
12886,12885
12886,12887
6627,3909
13128,474
13128,12746
13517,1123
297,171
297,401
297,863
297,920
297,927
297,937
297,1048
297,1049
297,1062
297,1076
297,1123
297,1161
297,1166
297,2565
297,2769
297,3515
297,3516
297,3517
297,12268
297,12328
297,12393
297,12445
297,12446
297,12449
297,12451
297,12453
297,12454
297,12464
297,12466
297,12644
297,12732
297,13118
297,13119
297,13120
297,13182
297,13655
297,14836
13978,308
13978,13915
13978,13921
14033,1613
14033,14034
14753,13851
14753,14078
1859,1856
1859,1858
11652,11653
11652,11654
11652,11655
11258,177
11258,506
11258,510
11258,11490
11258,11491
11258,11493
11258,11494
11258,11495
13619,12571
56,473
56,599
56,649
56,1620
56,1634
56,1708
56,1822
56,1868
56,2567
56,3519
56,5525
56,5534
56,5535
56,5537
56,5543
56,5544
56,5552
13232,11243
13232,11280
1819,1013
13345,13343
15425,544
15425,15424
11867,11140
11867,11355
11867,11367
11867,11370
11867,11373
11867,11654
11867,11843
11867,11866
11867,11901
11867,11922
11867,11923
11867,11953
11867,12365
11867,12374
1715,1713
1715,1714
1715,2131
1715,2132
1715,2133
1715,2134
1715,2136
1715,2141
1715,5399
1715,14385
1715,14423
1715,14424
1715,14425
1715,14426
1715,14428
1715,14429
1715,14431
1715,14432
1715,14433
1715,16120
3889,601
12815,11242
11808,11338
3916,1902
544,491
544,1048
544,11396
544,12385
544,12386
544,12389
544,12646
544,12708
544,12710
544,12732
544,12847
544,12884
544,13674
544,15424
1497,782
1497,5594
3961,1660
5527,473
5527,5528
5527,5529
1841,1837
1841,1840
1841,1842
1841,1843
15275,493
15275,11913
15275,12613
7866,704
15497,12492
7643,7644
14217,1538
14217,2180
11101,11135
12762,12286
12762,12755
12941,11257
12941,11466
12941,11484
12941,12328
15522,12256
15522,14487
12068,11396
15082,15080
15241,15239
15241,15240
14256,14253
14256,14255
15462,14146
12650,12449
590,435
590,2007
590,2606
590,3822
590,3824
590,3829
590,7637
590,7638
590,7639
590,7640
590,16105
13248,13249
13248,13253
8429,845
12551,1031
12551,11140
12551,11242
12551,11929
12551,12125
12551,12365
12551,12377
12551,12597
3953,18
13510,12897
13510,13509
13274,1078
13292,11654
13679,12732
13679,13678
12192,11654
12192,12182
12192,12184
12192,12185
12192,12186
12192,12187
12192,12188
12192,12189
12192,12193
12192,12194
12192,12195
11238,13091
11238,13099
11238,13207
11238,13208
11238,13209
13132,474
13132,12286
13132,13131
506,73
506,177
506,298
506,374
506,402
506,510
506,1571
506,11102
506,11243
506,11490
506,11491
506,11493
506,11494
506,11495
2476,19
2476,2475
2476,2479
12770,994
13827,818
13827,11025
13827,14559
12942,500
12942,12943
12942,12944
12942,12945
12942,12946
12942,12947
12942,12951
14858,818
14858,13811
14983,1013
14983,14985
11025,5
11025,27
11025,184
11025,305
11025,308
11025,354
11025,399
11025,1013
11025,1518
11025,1601
11025,1820
11025,1902
11025,2212
11025,3906
11025,11471
11025,13855
11025,13999
11025,14001
11025,14002
11025,14148
11025,14150
11025,14162
11025,14182
11025,14533
11025,14613
11025,14640
11025,14708
11025,14727
11025,14764
11025,15429
14649,1724
14649,14210
14649,14429
14649,14475
14649,14650
11465,73
12364,11140
12364,11654
12364,15267
15230,12058
15230,15205
15230,15232
11988,494
12930,11469
12930,12835
12930,12836
12930,12931
11902,12625
12755,12286
12755,12328
12755,12393
12755,12466
12755,12646
12755,12757
12755,12759
12755,12763
12755,12764
12755,12766
12755,12981
12755,13422
15743,354
15743,13997
877,501
877,822
877,994
877,998
877,999
877,12286
877,13337
12333,11078
12333,15410
12213,12210
3883,648
14269,708
12714,12315
12714,12710
12714,12711
12714,12713
12714,12715
12714,12716
11626,11612
11626,11623
11626,11624
11626,11625
12057,11395
12057,12058
12286,125
12286,457
12286,474
12286,765
12286,823
12286,826
12286,994
12286,1001
12286,1048
12286,1065
12286,1139
12286,11078
12286,11133
12286,11176
12286,11449
12286,12298
12286,12299
12286,12300
12286,12301
12286,12302
12286,12311
12286,12328
12286,12340
12286,12348
12286,12350
12286,12355
12286,12356
12286,12396
12286,12440
12286,12492
12286,12682
12286,12683
12286,12684
12286,12685
12286,12686
12286,12692
12286,12732
12286,12745
12286,12746
12286,12747
12286,12750
12286,12752
12286,12753
12286,12754
12286,12768
12286,12805
12286,12809
12286,12810
12286,12812
12286,12865
12286,12871
12286,12884
12286,12896
12286,12897
12286,12903
12286,12931
12286,12975
12286,13008
12286,13087
12286,13092
12286,13102
12286,13114
12286,13129
12286,13130
12286,13131
12286,13154
12286,13162
12286,13168
12286,13170
12286,13187
12286,13313
12286,13314
12286,13364
12286,13412
12286,13472
12286,13508
12286,13521
12286,13523
12286,13553
12286,13554
12286,13557
12286,13569
12286,13570
12286,13581
12286,13629
12286,13656
12286,15470
12323,12324
11135,11242
11135,11656
11135,12122
11135,12257
11135,12625
12902,12853
13239,13238
7788,3873
1944,1898
1944,4076
1944,14246
346,275
346,485
346,494
346,11255
346,11307
346,11308
346,11311
346,11322
346,11323
346,11325
346,11328
346,11674
346,11681
346,11702
346,11705
346,11707
346,11710
346,11711
346,11713
346,11735
346,11740
346,15583
2354,1909
436,73
436,1546
436,1571
436,1574
436,1714
436,2095
436,2097
436,2098
436,2099
436,2100
436,2101
436,2103
436,14351
436,14353
436,15509
436,15510
436,16124
13336,13113
13336,13333
12980,12975
909,654
2213,2212
12043,275
1537,779
1537,1708
1537,14980
11328,275
11328,11775
11328,11776
11931,492
11931,11930
14745,1902
1860,1708
1124,654
1124,1125
1124,1126
1124,12396
1124,13537
1124,13539
1124,13540
1124,13541
1124,13543
1124,13545
6588,1892
11620,413
11620,11037
11620,11128
11620,11619
13861,305
13861,13862
15176,15165
14221,15319
11969,11653
11969,11654
11969,15087
14508,14476
14508,14507
14508,14509
14508,14510
14508,14511
3519,1902
3519,1919
12606,11242
12612,12613
14003,818
14003,1906
14003,11052
14003,14655
2572,1868
14374,1724
14374,2114
14374,2128
5393,1714
12919,11451
12919,13633
12919,13634
13185,13182
13185,13186
13185,15478
14237,1870
2105,1546
2105,2104
2105,2108
2105,2109
2105,2110
2105,2111
2105,2113
2105,2115
2105,2116
3802,976
12316,824
12411,1007
12411,12407
12411,12412
12411,12413
12411,12414
5398,772
5398,1996
5398,2146
5398,2148
5398,2149
5398,2160
5398,2161
5398,2165
2218,708
2218,1970
2218,7743
2218,7744
2218,7745
2218,7746
2218,14544
2218,14545
2218,14546
2218,16126
2127,2114
13670,12732
13186,13182
13186,15478
13034,11280
13034,11449
13034,11466
13034,13429
828,215
828,474
828,499
828,500
828,12272
828,12329
828,13567
15188,11653
15188,11654
15188,11856
15188,15191
15188,15524
7756,3837
14613,73
14613,11243
14613,11244
14613,13909
14613,14619
14613,14704
14613,14705
14613,14706
14613,14707
14613,14708
14613,14709
1960,1959
19,2475
19,2479
13865,139
13865,15291
13172,13114
13927,308
13927,11184
13927,11250
13927,11500
13927,11511
13927,13862
13927,13913
13927,13914
13927,13915
13927,13916
13927,13919
13927,13921
13927,13922
13927,13924
13927,13928
13927,13930
13927,15428
13219,13218
2293,435
2293,1987
11951,11373
11951,12174
13156,12981
13156,13157
13156,13158
13156,13160
13156,13161
15117,15113
13878,327
13878,11018
13878,11019
13878,11095
13878,13875
13878,13876
13878,13879
5621,654
11638,11161
11638,11636
11638,11637
11280,73
11280,74
11280,1868
11280,11114
11280,11152
11280,11243
11280,11466
11280,11480
11280,11482
11280,11485
11280,11486
11280,11491
11280,11494
11280,13046
11280,13048
11280,13985
11280,14615
7737,1870
500,73
500,288
500,499
500,501
500,1022
500,11058
500,11449
500,11451
500,11468
500,11484
500,12328
500,12396
500,12492
500,12497
500,12684
500,12810
500,12847
500,12943
500,12944
500,12945
500,12946
500,12947
500,12949
500,12950
500,12951
500,13041
1842,1837
1842,1840
1842,1843
11764,275
11764,11763
12997,12998
14546,14544
14546,14545
14546,16126
12749,73
5582,1810
12115,11418
762,781
12843,12410
12843,12835
12843,12836
12843,12837
12843,12838
12843,12839
12843,12841
12843,12842
12843,12844
12843,13648
11650,11248
13342,1092
13342,11484
13342,12497
15498,1990
15498,14274
12215,11242
12215,12365
12215,15225
12256,327
12256,415
12256,815
12256,1599
12256,1741
12256,1954
12256,11018
12256,11019
12256,11034
12256,11095
12256,12459
12256,13873
12256,13875
12256,13876
12256,13938
12256,13946
12256,13949
12256,14023
12256,14035
12256,14037
12256,14250
12256,14487
12256,14658
12256,14986
12256,15521
14028,415
14028,12303
14028,13960
14028,14025
14028,14026
14028,14029
14028,14030
14028,14031
14028,14032
2104,1546
2104,2108
2104,2109
2104,2110
2104,2111
2104,2113
2104,2115
2104,2116
112,27
112,818
112,1539
112,13838
112,13849
112,13850
112,14930
112,15381
13628,13187
14624,11114
599,373
599,399
599,649
599,1076
599,1077
599,1079
599,5553
599,5619
599,12491
998,999
12838,12410
12838,12835
12838,12836
12838,12837
12838,12839
12838,12841
12838,12842
12838,12844
11414,11375
11414,11412
11414,11843
11414,12109
13828,1660
14353,15509
11358,11128
11358,11248
11358,11357
11358,11612
3664,2142
3664,3665
7865,704
11396,11187
11396,11242
11396,11653
11396,11654
11396,11884
11396,11929
11396,12059
11396,12066
11396,12386
11396,13492
11396,15276
14250,1954
11979,11378
14743,12666
14743,13975
5508,2570
13850,27
13850,818
13850,13849
13885,74
7700,435
1839,1837
1839,2486
11847,11350
11847,11811
15550,12518
7726,646
15169,15166
13922,308
13922,11184
13922,11250
13922,11500
13922,11511
13922,13862
13922,13913
13922,13914
13922,13915
13922,13916
13922,13919
13922,13921
13922,13924
13922,13928
13922,13930
13922,15428
12690,457
15213,15205
14351,1546
14351,1571
14351,2095
14351,2097
14351,2098
14351,2099
14351,2100
14351,2101
14351,2103
14351,16124
1945,650
1945,1898
1945,4078
5573,1810
13321,12412
1966,1959
1966,1962
1966,1964
1966,1965
1966,1967
14249,647
13972,13891
13027,12710
13027,13028
15500,13437
15068,15067
2097,1546
2097,1571
2097,2095
2097,2098
2097,2099
2097,2100
2097,2101
2097,2103
2097,16124
12562,11654
12562,11929
5628,5627
7786,3876
12445,920
12445,12446
12445,12732
12445,13061
12943,12944
12943,12945
12943,12946
12943,12947
12943,12951
13570,15534
5521,5519
13594,457
11475,73
11475,11466
14467,1613
14467,2178
14467,14468
14475,1724
14475,2180
14475,14171
14475,14210
14475,14429
14475,14476
14475,14650
14205,782
2570,1708
2570,5507
2570,5509
2570,5510
13876,327
13876,11018
13876,11019
13876,11095
13876,13873
13876,13875
13876,13879
7636,435
12204,12203
2330,1868
2330,5539
2103,350
2103,1546
2103,1571
2103,2095
2103,2098
2103,2099
2103,2100
2103,2101
2103,16124
288,74
288,350
288,501
288,1020
288,1022
288,1092
288,1097
288,11449
288,11466
288,11468
288,12328
288,12412
288,13320
288,13652
288,13662
1532,1810
1532,2550
1161,12328
14444,11048
14444,14434
14444,14437
14444,14438
14444,14439
14444,14441
14444,14442
14444,14443
13021,13019
11911,11357
11911,11367
11449,73
11449,501
11449,11451
11449,11466
11449,11468
11449,11479
11449,12302
11449,12682
11449,12683
11449,12684
11449,12685
11449,12931
11449,13428
12049,11393
14526,327
14526,2132
14526,13852
14526,14356
14526,14520
14526,14522
14526,14523
14526,14524
14526,14525
14526,14527
14526,14528
14526,14530
14526,14531
14526,14532
11369,492
11369,11134
11369,11140
11369,11159
11369,11187
11369,11370
11369,11653
11369,11654
11369,11882
11369,11917
11369,11919
11369,11929
11369,15261
11369,15267
326,409
326,1643
14919,818
14919,14918
1979,1892
13262,13256
13905,305
13905,11152
2496,2483
2496,2494
2496,2495
2496,2497
11793,11298
12298,457
12298,474
12298,823
12298,11078
12298,11133
12298,11176
12298,12299
12298,12300
12298,12301
12298,12311
12298,12315
12298,12750
12853,12328
12853,12855
6715,845
13287,12395
13287,13288
13478,1111
3434,15464
12931,1111
12931,12302
12931,12682
12931,12683
12931,12684
12931,12685
12931,13481
1745,1741
15555,1721
11505,508
11505,510
11505,11124
11505,11250
11505,11253
11505,11503
11505,11508
11505,11509
11505,11510
11505,11511
11505,11512
11505,11513
14443,2267
14443,11048
14443,14434
14443,14437
14443,14438
14443,14439
14443,14441
14443,14442
14198,399
14198,818
3950,1892
3950,3952
13860,305
13860,13858
14431,818
14431,2185
14431,2186
14431,14458
14185,704
11177,11056
11177,11094
11177,11184
14504,14476
1065,12328
1065,12692
11864,11354
11864,11651
921,654
921,1046
921,13473
11672,534
11672,11673
11672,11674
8416,1943
8416,8417
13115,13091
7748,1959
1533,1636
1533,14994
14967,14966
14967,14967
12644,12268
12644,12449
12020,11387
13896,374
14255,14253
14274,1990
14274,14868
5603,1078
11372,11140
11372,11187
11372,11351
11372,11653
11372,11856
11372,11881
11372,11882
11372,11889
11372,11901
11372,15239
14539,1937
14539,14833
11,973
11,1538
11,1923
11,1932
11,12459
5533,1822
2267,1883
2267,2269
2267,2270
2267,12242
2267,14638
2267,14639
1620,1721
1620,13567
1620,13986
1620,15721
1620,15722
7727,2600
12473,937
11789,11140
14987,1534
14987,14986
14987,14989
14537,2212
12757,12756
6591,18
14460,2148
15191,15524
1861,1708
1861,14175
1861,14176
13678,12732
13197,13196
11124,508
11124,510
11124,11250
11124,11253
11124,11503
11124,11508
11124,11509
11124,11510
11124,11511
11124,11512
11124,11513
11124,14377
695,1714
12275,215
12275,12274
12214,11654
12214,12210
12651,215
12651,12449
13567,994
15108,15107
14391,14390
15444,11345
3815,435
13420,12492
13420,13422
5574,1810
11344,11203
11344,11248
11344,11823
11344,11825
11344,11826
11344,11856
14773,1890
14773,14775
11029,158
11029,325
11029,1573
11029,1574
11029,11152
11029,11243
11029,11249
11029,13898
11029,13899
11029,13901
11029,13902
13015,12710
13015,13010
13015,13016
5589,1810
11393,11653
11393,11654
11393,11884
11393,12051
11393,12052
11804,11612
73,74
73,75
73,177
73,191
73,223
73,227
73,325
73,350
73,447
73,473
73,499
73,501
73,1097
73,1571
73,1573
73,1604
73,1625
73,11053
73,11231
73,11232
73,11257
73,11448
73,11451
73,11452
73,11453
73,11455
73,11456
73,11457
73,11461
73,11466
73,11468
73,11469
73,11470
73,11471
73,11472
73,11476
73,11480
73,11482
73,11484
73,11485
73,11486
73,11487
73,12407
73,12490
73,12769
73,12814
73,12901
73,12913
73,12952
73,13046
73,13880
73,13973
73,13974
73,13976
73,14533
7764,2592
13114,1097
13114,13170
14487,12459
14487,14047
14487,14489
14487,14490
14487,15521
14487,16125
12497,1092
12497,11058
12497,11466
12497,11484
12497,12496
12497,12684
12497,12934
12875,12871
11337,11338
11337,11357
13999,354
14002,354
11486,11482
11486,11485
15167,15166
15448,1007
15448,15447
2587,3435
1872,1636
1872,1874
1872,1876
14400,2146
14400,14399
14511,14476
14511,14507
14511,14509
14511,14510
11823,11203
12924,12923
12526,12525
14201,399
12269,215
12269,15171
12872,12571
12872,12873
12583,11140
12583,12587
13138,13092
13974,350
13974,447
13974,13973
11950,11373
12748,12355
1949,1636
5414,272
12309,708
12309,11260
12309,13912
12309,14258
12309,14777
5614,649
2098,1546
2098,1571
2098,2095
2098,2099
2098,2100
2098,2101
2098,16124
5485,1636
14232,1871
1001,457
2343,1863
13522,13521
15291,139
12141,12142
5464,2579
11114,11466
11114,14623
11114,14625
11130,275
11130,11778
12683,12302
12683,12328
12683,12682
12683,12684
12683,12685
13054,12067
13054,13053
14375,2114
554,491
554,493
7703,435
2128,1724
2128,2114
14468,1613
14468,2178
12754,826
12754,12750
12754,12752
12754,12753
13632,13629
13524,13527
11831,11345
13992,5
13992,1636
5455,1721
14648,1724
14648,14645
14648,14646
15481,12684
15481,15482
15481,15483
12855,12328
493,11654
493,11913
493,11958
1078,649
1078,5602
1078,5605
1078,5606
1078,5607
1078,13283
1078,13284
11939,11371
11939,11938
11939,11940
11343,275
11343,11226
7750,1968
15554,1721
6596,1892
12975,12328
12975,12348
12975,12393
12975,12976
12975,12978
12975,12979
12975,12981
14190,1881
12189,11654
12189,12182
12189,12184
12189,12185
12189,12186
12189,12187
12189,12188
12189,12193
12189,12194
12189,12195
11693,11681
2132,327
2132,1713
2132,1714
2132,2131
2132,2133
2132,2134
2132,2136
2132,2141
2132,5399
2132,13852
2132,14356
2132,14385
2132,14520
2132,14522
2132,14523
2132,14524
2132,14525
2132,14527
2132,14528
2132,14530
2132,14531
2132,14532
5547,1902
14757,2131
14757,14755
5483,1636
11974,11187
11887,11654
13641,12981
13811,1951
13811,12242
13811,15315
5983,1987
14545,14544
14545,16126
5531,1822
2095,139
2095,350
2095,1546
2095,1571
2095,1574
2095,2099
2095,2100
2095,2101
2095,2114
2095,2122
2095,14364
2095,16124
12302,11176
12302,12682
12302,12684
12302,12685
13038,457
13038,13039
13038,13040
11681,11319
11681,11678
11681,11686
11681,11691
12613,11242
12613,11913
13145,12897
4279,7624
11037,413
11037,11128
11037,11619
2492,1546
2492,2483
2492,14434
13162,12328
13162,12348
13162,12356
13162,13163
13162,13168
13162,13169
13162,15477
2500,1890
2500,14934
2500,14935
15272,15267
1139,474
11830,11248
11830,11345
11830,11426
11830,11828
11490,177
11490,510
11490,11491
11490,11493
11490,11494
11490,11495
3898,1013
11792,11612
11792,11791
13343,13346
12122,11134
11953,11373
11953,11654
11953,11922
11953,11923
11953,12164
14639,12242
12120,11134
5505,1708
161,937
5495,1518
5625,5624
5532,1822
11500,308
11500,11184
11500,11250
11500,11259
11500,11494
11500,11496
11500,11511
11500,13862
11500,13913
11500,13914
11500,13915
11500,13916
11500,13919
11500,13921
11500,13924
11500,13928
11500,13930
11500,15428
2194,1915
2194,14482
2194,14483
2194,14484
2194,15518
6595,1660
13540,654
13540,1125
13540,1126
13540,12396
13540,13537
13540,13539
13540,13541
13540,13543
12410,499
12410,12355
12410,12407
12410,12750
12410,12822
12410,12825
12410,12826
12410,12828
12410,12829
12410,12832
12410,12833
12410,12834
12410,12835
12410,12836
12410,12837
12410,12839
12410,12841
12410,12842
12410,12844
12486,11058
12486,12485
12355,11078
12355,12747
12355,12833
12355,12835
12355,12841
7711,1871
13941,11007
13941,13938
13941,13939
13941,13940
13941,13942
12626,12625
13944,11007
13944,13938
13944,13943
13944,13945
1972,435
1972,1810
1972,1870
1972,1871
1972,1969
1972,1976
7749,1968
1903,1901
2338,2337
2338,2340
13143,13142
12985,11232
12985,12296
5492,1518
13898,158
13898,325
13898,1573
13898,1574
13898,11152
13898,11243
13898,11249
13898,13899
13898,13901
13898,13902
3814,435
11351,11355
11351,11357
11351,11373
11351,11603
11351,11843
11351,11854
11351,11856
11351,11857
11351,11881
11351,11921
11351,12365
11351,15261
15145,15141
13046,13047
13046,13048
3924,1810
13275,1079
13119,13118
5623,654
5623,5624
13897,177
13897,374
13897,1571
13851,27
13851,14078
11510,508
11510,510
11510,11250
11510,11253
11510,11503
11510,11508
11510,11509
11510,11511
11510,11512
11510,11513
12874,12871
14767,1690
1882,782
1882,1881
5331,2579
11257,171
11257,649
11257,11058
11257,11451
11257,11466
11257,11468
11257,11483
11257,11484
11257,11485
11257,12407
11257,12483
11257,12492
11257,12494
11257,12513
11257,12529
11257,13487
11257,15285
11257,15456
11042,11117
16105,16091
12594,11901
12594,11959
12594,12595
12594,12596
12594,15422
11477,11466
6597,1892
12290,12289
12876,12871
13899,158
13899,325
13899,1573
13899,1574
13899,11152
13899,11243
13899,11249
13899,13901
13899,13902
12208,12206
12114,11418
11928,492
12058,11026
12058,11395
12058,11905
12058,15194
5472,2584
15560,15559
1741,286
1741,327
1741,1747
1741,3523
1741,11260
1741,12308
1741,15904
12685,12682
12685,12684
14024,415
14243,1942
14906,2475
14699,1577
1663,1659
12945,12944
12945,12946
12945,12947
12945,12951
11655,11653
11655,11654
14778,2379
15195,11370
15195,15196
12495,11242
12495,11418
14569,14551
14532,327
14532,14356
14532,14520
14532,14522
14532,14523
14532,14524
14532,14525
14532,14527
14532,14528
14532,14530
14532,14531
2600,1942
2488,2486
2488,2490
7862,704
13662,1048
13662,13663
13662,13665
13662,13666
13662,13686
5423,27
5423,5411
11491,177
11491,510
11491,1571
11491,1577
11491,11115
11491,11493
11491,11494
11491,11495
11491,13903
11491,13904
12884,12328
12884,12446
12884,12885
12884,12887
12885,12446
12885,12887
1996,772
1996,2148
1996,2160
1996,2161
1996,2165
12329,215
12329,12272
13914,308
13914,11184
13914,11250
13914,11511
13914,13862
13914,13913
13914,13915
13914,13916
13914,13919
13914,13921
13914,13924
13914,13928
13914,13930
13914,15428
13330,12684
14527,327
14527,13852
14527,14356
14527,14520
14527,14522
14527,14523
14527,14524
14527,14525
14527,14528
14527,14530
14527,14531
14949,11242
14949,12258
12547,11187
12547,11242
12547,12549
13523,13521
13957,11260
13957,14665
13957,14666
13957,14667
13957,14671
15060,11298
1868,704
1868,1603
1868,1867
1868,5541
1868,11243
1868,11244
1868,12328
1868,16154
1530,1636
1530,2553
14940,2501
14385,1713
14385,1714
14385,2131
14385,2133
14385,2134
14385,2136
14385,2141
14385,5399
14385,14452
14037,13949
14037,14035
11729,11300
11729,11307
11469,75
11469,447
11469,473
11469,11232
11469,11468
11469,11470
11469,12407
11469,12952
11469,12987
3799,697
13087,13088
1692,415
1692,1937
12649,12449
15493,1946
15304,15303
12182,11654
12182,12179
12182,12181
12182,12183
12182,12184
12182,12185
12182,12186
12182,12187
12182,12188
12182,12193
12182,12194
12182,12195
11191,11078
11191,11176
5422,5412
11314,11535
11314,11660
11314,11661
14426,14476
6628,6629
8246,807
13966,13938
12715,12315
12715,12710
12715,12711
12715,12713
12715,12716
14722,14720
14722,14721
5212,937
5212,1571
973,1892
973,15314
13283,13284
14369,2114
11812,15466
14050,1723
14050,14048
14050,14049
14050,14051
16099,1898
8241,807
14519,818
14519,13852
12149,11645
12149,12948
14240,1941
14240,14239
12894,12328
13901,158
13901,325
13901,1573
13901,1574
13901,11152
13901,11243
13901,11249
13901,13902
12300,11176
12300,12299
12300,12301
12873,12871
7668,976
2108,1546
2108,2109
2108,2110
2108,2111
2108,2113
2108,2115
2108,2116
7698,435
12688,457
13205,11451
15318,12308
12865,1166
12865,12866
12865,12868
15529,350
13495,11242
13495,12571
12235,13515
13213,1062
7792,845
15440,12432
15440,12725
12188,11654
12188,12184
12188,12185
12188,12186
12188,12187
12188,12193
12188,12194
12188,12195
11466,171
11466,499
11466,1092
11466,11058
11466,11117
11466,11451
11466,11468
11466,11476
11466,11479
11466,11483
11466,11484
11466,12492
11466,12494
11466,12496
11466,12513
11466,12514
11466,12684
11466,12704
11466,12862
11466,13006
11466,13227
11466,13428
13192,1067
14510,14476
14510,14507
14510,14509
2581,5481
3670,184
3670,14750
3670,14751
3670,14752
13685,11451
13685,13684
1973,656
1973,14267
1973,14931
12628,12625
12321,11133
12321,12319
12321,12320
12321,12322
13251,1077
13251,13252
11485,11482
11485,11484
11485,12940
13854,818
13333,12835
13333,12836
13333,13113
13333,13337
1206,1602
11483,171
11483,11058
11483,11451
11483,11468
11483,11484
11483,12492
11483,12494
11483,12496
11483,12684
11483,13211
6602,1892
4080,650
11371,11651
11371,11938
11371,11940
3658,1881
1009,457
1009,474
1009,1166
1009,12891
12482,649
2109,1546
2109,2110
2109,2111
2109,2113
2109,2115
2109,2116
2109,2486
2109,14915
2109,14916
2109,14917
1987,1024
1987,1134
1987,1892
1987,1969
1987,1970
1987,2295
1987,3986
1987,3987
1987,5982
12110,11654
13007,13006
1937,415
1937,14233
1937,15738
12559,11140
12559,12558
13080,939
13928,308
13928,11184
13928,11250
13928,11511
13928,13862
13928,13913
13928,13915
13928,13916
13928,13919
13928,13921
13928,13924
13928,13930
13928,15428
1721,1546
1721,1724
1721,1837
1721,2171
1721,2178
1721,2481
1721,2482
1721,2483
1721,2484
1721,5453
1721,5454
13099,13091
6589,1892
12666,13284
12666,13975
1152,457
13659,350
8240,807
11503,508
11503,510
11503,11250
11503,11253
11503,11508
11503,11509
11503,11511
11503,11512
11503,11513
13530,13497
13530,13527
13530,13529
13530,13531
13072,13066
12296,11232
12296,12965
12595,11901
12595,12596
12595,15422
14207,782
12558,11140
12412,823
12412,12407
12412,12413
12412,12414
12412,13322
12412,13323
12412,13324
12412,13325
12792,12784
12792,12791
2185,818
2185,2182
2185,2186
2185,14458
2185,14479
2185,15517
406,4286
3665,2142
6611,6610
12272,215
12272,795
12272,12314
12272,12793
12492,171
12492,457
12492,11058
12492,11468
12492,11484
12492,12313
12492,12328
12492,12446
12492,12494
12492,12847
12492,12862
12492,12981
12492,13422
12492,13426
12492,13428
13209,13207
13209,13208
2133,1713
2133,1714
2133,2131
2133,2134
2133,2136
2133,2141
2133,5399
491,12389
5624,5626
5624,5627
11817,11140
11817,15080
1518,1636
1518,1708
1518,2466
1518,2576
1518,5491
1518,5493
1518,5494
1518,5496
1518,5497
1518,5498
1518,5500
1518,5501
1518,14148
1518,14182
1518,14183
13309,13307
11611,11067
7796,656
11452,11453
1540,27
1540,13857
13352,1094
11977,11378
13473,215
7630,118
11862,11354
5374,1871
14424,14423
14424,16120
15192,11409
15192,15128
15192,15193
11022,413
11022,11612
11022,11622
11022,11628
11022,11629
11022,11631
11022,11632
11022,11633
11022,15127
11022,15205
14857,11243
11795,11644
11795,11752
11795,11805
12828,499
12828,12750
12828,12825
12828,12826
12828,12829
12828,12832
5522,5519
11679,11307
12964,12835
12396,654
12396,823
12396,1125
12396,1126
12396,12407
12396,12416
12396,13537
12396,13539
12396,13541
12396,13543
11700,11701
5475,1636
11654,492
11654,11134
11654,11140
11654,11187
11654,11370
11654,11373
11654,11374
11654,11375
11654,11377
11654,11378
11654,11409
11654,11418
11654,11653
11654,11844
11654,11884
11654,11886
11654,11889
11654,11922
11654,11923
11654,11929
11654,11958
11654,12095
11654,12174
11654,12179
11654,12181
11654,12183
11654,12184
11654,12185
11654,12186
11654,12187
11654,12193
11654,12194
11654,12195
11654,12365
11654,12538
11654,12539
11654,12597
11654,13061
11654,15141
11654,15163
11654,15165
11654,15205
11654,15239
11654,15265
14372,2114
1940,1870
1940,5360
11656,11242
11656,12257
1970,1660
13987,1571
13987,1634
13987,11244
13987,11512
15114,15115
12684,474
12684,823
12684,1022
12684,11451
12684,11479
12684,12682
12684,13233
12684,15482
12684,15483
14148,1714
14148,1888
14148,13915
14148,14180
14148,14182
14148,14183
14148,14379
14148,14380
14148,14381
14148,14383
12121,11134
826,824
826,12318
826,12328
826,12808
826,12870
826,12888
5470,2584
15422,11901
15422,12596
2269,2270
13032,13022
13032,13024
13032,13030
11346,11644
11346,11791
2178,1613
2178,1724
2178,2481
2178,2482
2178,2483
2178,2484
534,11673
534,11674
2592,7760
2592,7762
2592,7763
13953,27
15445,11345
11495,177
11495,510
11495,11493
11495,11494
13656,13086
11027,11243
5476,1636
11140,492
11140,11159
11140,11187
11140,11242
11140,11379
11140,11653
11140,11882
11140,11901
11140,11929
11140,11959
11140,11982
11140,12067
11140,12257
11140,12365
11140,12368
11140,12374
11140,12375
11140,12377
11140,12588
11140,12589
11140,12590
11140,12597
892,654
2490,2486
2545,1534
11856,11355
11856,11857
11856,12365
11856,15261
12187,12184
12187,12185
12187,12186
12187,12193
12187,12194
12187,12195
14409,14408
14409,15513
12249,13284
12249,13975
12249,14224
1012,457
29,374
29,13894
772,2148
772,2160
772,2161
772,2165
12811,457
12811,12810
15093,11752
15202,15203
12747,474
12747,12328
12747,13102
8242,807
13870,13868
13870,13869
12432,401
12432,12725
12653,11242
12653,12520
708,648
708,1870
708,11260
708,13515
708,14476
708,14551
15081,11298
14930,27
13541,654
13541,1125
13541,1126
13541,13537
13541,13539
13541,13543
7701,435
2584,1636
2584,5451
2584,5469
2584,5473
2584,5474
13043,12965
13838,27
13838,15381
12419,12407
12419,12422
15079,11631
1166,401
1166,13629
11508,508
11508,510
11508,11250
11508,11253
11508,11509
11508,11511
11508,11512
11508,11513
12647,1022
12647,12646
12948,11645
1924,399
1924,1013
1924,2501
1924,8585
1924,14220
1924,14225
1924,14227
11791,11341
11791,11612
11791,11644
11791,11923
11791,15157
11791,15158
1695,415
2574,6617
12514,171
12514,12513
13325,13322
13325,13323
13325,13324
14029,415
14029,1538
14029,12303
14029,13960
14029,14025
14029,14026
14029,14030
14029,14031
14029,14032
2278,357
2187,2182
939,401
939,12488
14562,13652
14442,11048
14442,14434
14442,14437
14442,14438
14442,14439
14442,14441
16120,14423
12590,11929
12590,12588
12590,12589
1733,1723
1733,1729
1733,1730
1733,1731
1733,1732
15337,13699
5468,2579
11367,11357
11367,11653
11367,11855
11367,11889
11367,11907
11367,11908
11367,11913
11367,11929
11367,12210
11367,15163
1577,1571
1577,2320
1577,2321
1577,11115
1577,11244
1577,13903
1577,13904
5360,1870
11750,275
11750,11701
11750,11711
11750,11751
11750,11752
15410,11078
164,2554
1999,1968
1999,4024
5598,1881
11244,374
11244,1546
11244,1571
11244,1634
11244,1636
11244,1708
11244,1818
11244,1835
11244,2320
11244,2321
11244,11119
11244,11243
11244,11512
11244,13909
11244,14533
11244,14619
11244,14705
11244,14706
11244,14707
11244,14895
11244,15284
12642,12268
12847,12328
12847,12494
12847,12848
3964,3960
13693,13337
14561,1538
14561,14084
14561,14429
14561,14976
14561,14977
14561,14978
704,1571
704,1867
704,1893
704,7861
704,7864
704,14619
14434,2142
14434,11048
14434,14435
14434,14436
14434,14437
14434,14438
14434,14439
14434,14441
12753,12750
12753,12752
15178,15165
12527,12523
14536,2212
14931,14011
12446,920
12446,12402
12446,12887
13031,13030
184,5
184,27
184,354
184,5408
184,11250
184,13836
184,13837
184,15372
184,15375
14049,1723
14049,14048
14049,14051
648,601
648,656
648,3885
648,14659
1134,118
1134,656
13857,1652
13857,14653
2115,1546
2115,2110
2115,2111
2115,2113
2115,2116
11624,11612
11624,11623
11624,11625
11802,11803
1897,1892
1897,1895
1897,1898
1897,1900
13068,12540
3908,6624
14200,399
7667,976
11067,11601
12494,171
12494,11058
12494,11468
12494,11484
12494,12521
12494,12522
15470,474
5278,415
14666,14665
11625,11612
11625,11623
14242,1941
13196,13198
13196,13199
13196,13200
13024,1079
13024,13022
13024,13025
13024,13289
14629,14628
3840,2501
3840,7753
3840,7755
13252,1077
12752,12750
12598,12597
12421,12407
5448,1810
12633,11242
12633,12520
12633,12570
12633,12635
12633,12636
12633,12732
12633,15229
3877,845
12480,649
11884,11653
11884,11901
13250,1077
11959,11929
11959,12365
11959,12593
1062,12328
1062,12454
1062,13181
1062,13217
1669,656
1669,14226
795,215
15158,11923
15158,15157
4281,1943
4083,650
649,1824
649,5559
649,5609
649,5612
649,5613
649,5616
649,12479
649,12481
649,12483
649,12488
12786,12784
12786,12785
11819,11341
604,1892
13654,13652
11649,11248
11058,171
11058,11468
11058,11484
11058,12485
11058,12487
11058,12490
11058,12496
11231,11232
1155,457
2482,1724
2482,2481
2482,2483
2482,2484
11387,12018
11387,12021
415,327
415,782
415,815
415,820
415,1599
415,1679
415,1690
415,1723
415,1810
415,11034
415,11095
415,11251
415,12253
415,12303
415,12306
415,12308
415,13948
415,13949
415,13950
415,13951
415,13960
415,14022
415,14023
415,14025
415,14026
415,14030
415,14031
415,14032
415,14252
415,15823
3918,1636
13572,13571
14986,1534
14986,11260
14986,12308
14986,14989
15387,27
15387,818
15387,13853
15387,15386
1969,1968
1969,14260
13129,457
13129,474
13129,823
13129,12311
13129,12750
13129,13568
12993,12992
15315,12242
12564,11242
12564,11929
14995,2548
11187,492
11187,11159
11187,11242
11187,11881
11187,11882
11187,15239
12318,824
12785,12784
2180,1538
2180,1723
2180,1724
2180,2289
2180,2290
2180,2291
2180,14171
2180,14429
2180,14476
11972,11377
12193,12184
12193,12185
12193,12186
12193,12194
12193,12195
13028,12710
15484,782
13235,12987
13235,13236
14420,2148
14420,14421
14420,14422
11250,308
11250,508
11250,510
11250,11184
11250,11253
11250,11509
11250,11511
11250,11512
11250,11513
11250,13837
11250,13862
11250,13913
11250,13915
11250,13916
11250,13919
11250,13921
11250,13924
11250,13930
11250,15428
13858,305
14744,1902
13328,1098
13883,13881
13883,13882
2337,382
5410,272
5410,305
13457,11242
13457,15250
14501,14476
118,435
118,582
118,7631
118,7632
11315,494
11315,543
13313,12897
13313,13315
13313,13319
14265,14551
224,1902
224,3627
224,14053
11259,11494
11259,11496
13962,11095
13962,13960
13962,13963
13019,13020
13019,13022
13019,15459
2149,399
2149,2146
12977,12976
15157,11923
11832,11345
12179,12181
12179,12183
1888,399
1888,782
1888,1714
1888,1904
1888,1905
1888,13915
1888,14180
1888,14208
1888,14379
1888,14380
1888,14381
1888,14383
13347,1094
1613,14034
1613,14471
1613,14473
1613,14474
510,177
510,508
510,11253
510,11493
510,11494
510,11509
510,11511
510,11512
510,11513
12348,474
12348,501
12348,11078
12348,12350
12348,12745
12348,12746
12348,12784
12348,12897
12348,13130
12348,13169
13218,13553
4076,1898
4076,14246
13184,13182
13184,13183
12416,12407
13014,13010
12308,815
12308,13845
12308,13977
12308,14238
11398,11397
11078,125
11078,457
11078,474
11078,823
11078,11133
11078,11176
11078,11180
11078,12299
11078,12311
11078,12312
11078,12315
11078,12328
11078,12330
11078,12338
11078,12340
11078,12344
11078,12347
11078,12350
11078,12429
11078,12437
11078,12438
11078,12440
11078,12750
11078,13141
11078,15285
12774,994
12774,12775
3806,976
13315,12350
13315,13412
14484,14482
14484,14483
14900,14902
14900,16154
11623,11612
2116,1546
2116,2110
2116,2111
2116,2113
11034,327
11034,11095
11034,13950
7696,435
12750,457
12750,474
12750,499
12750,823
12750,11133
12750,11176
12750,12299
12750,12311
12750,12315
12750,12825
12750,12826
12750,12829
12750,12832
12750,13307
12844,12835
12844,12836
12844,12837
12844,12839
12844,12841
12844,12842
13183,13182
5581,1810
14203,399
14203,14196
14161,1813
14628,11048
14628,14630
14628,14632
13855,27
12417,12407
12417,12413
12417,12414
12417,13175
12311,457
12311,474
12311,823
12311,11133
12311,11176
12311,12299
12311,12315
11242,215
11242,1031
11242,11134
11242,11379
11242,11919
11242,11929
11242,12066
11242,12125
11242,12257
11242,12258
11242,12265
11242,12268
11242,12365
11242,12383
11242,12549
11242,12597
11242,12625
11242,12635
11242,13053
11242,13450
11242,14553
11242,15166
11242,15576
14252,327
14252,1599
14252,11095
14252,11251
14252,12306
14252,13948
14252,13949
14252,13950
14252,13951
14766,1690
15127,11138
15127,11632
15127,11634
2182,2131
2182,2186
2182,2189
2182,2191
2182,2193
2182,14478
2182,14479
2182,15517
5417,272
11763,275
11741,11325
3915,1902
3919,1636
2352,2353
2352,14769
1881,782
1881,1538
1881,1652
1881,1713
1881,1813
1881,1883
1881,1886
1881,1887
1881,2136
1881,2588
1881,3638
1881,5597
1881,14189
1881,14191
1881,14193
2602,3837
15234,11612
15234,11651
12542,12541
11493,177
11493,11494
11811,11350
11811,11899
11811,15466
14379,1714
14379,13915
14379,14180
14379,14380
14379,14381
14379,14383
13694,13337
15205,11653
15205,15113
15205,15209
15205,15212
3805,976
11685,11678
1098,13359
1098,13360
2142,1546
12790,12784
14525,327
14525,13852
14525,14356
14525,14520
14525,14522
14525,14523
14525,14524
14525,14528
14525,14530
14525,14531
11901,11929
11901,12596
5591,1810
3949,1892
3949,3958
3949,3959
14162,1820
13968,13938
13968,13967
13968,13969
14895,15551
12449,215
12449,12313
12449,12635
12449,12648
12449,12652
12181,12183
15559,11260
11513,508
11513,11253
11513,11509
11513,11511
11513,11512
7721,1871
7747,1959
11536,11535
11536,11668
12175,12174
7751,1968
13297,12903
13297,13299
13297,13300
13297,15489
13297,15490
12745,474
12745,12746
12745,12897
12745,13008
12745,13130
12850,13609
14868,818
14868,14458
14868,14869
13042,499
12413,12407
12413,12414
1031,12123
1031,13049
1031,13052
11805,11248
11805,11335
11805,11644
11805,11696
11805,11752
12119,11418
12119,12117
2353,1708
2353,3923
3948,1892
7664,976
11898,11612
15144,11634
15144,15141
7785,2601
13868,13869
485,275
485,494
485,11255
485,11307
2126,2114
2126,2125
12184,12185
12184,12186
12184,12194
12184,12195
14421,14422
15267,15268
15267,15274
1954,1636
11102,374
11102,11243
11350,275
11350,11848
11350,11849
11350,11850
11350,11851
12365,11355
12365,11370
12365,11375
12365,11401
12365,11982
12365,12210
12365,12389
413,543
413,11128
413,11203
413,11333
413,11334
413,11601
413,11603
413,11612
413,11619
12635,13060
12635,13498
11161,11601
11161,11636
11161,11637
11057,11243
13137,13135
2335,1636
446,272
1126,654
1126,1125
1126,13537
1126,13539
1126,13543
1126,13545
12393,863
12393,12456
12393,12759
12393,12784
12393,12887
12393,15187
12393,15189
11456,11457
11298,11286
11298,11543
11298,11669
11298,11762
14761,1810
3657,2004
3657,2005
6610,807
13153,13092
1013,781
1013,1536
1013,1823
1013,1909
1013,2356
1013,2548
1013,6614
1013,6615
5560,1810
5539,5540
1546,1571
1546,1835
1546,2099
1546,2100
1546,2101
1546,2110
1546,2111
1546,2113
1546,2114
1546,14166
1546,14167
1546,14360
1546,14390
1546,16124
2555,382
5364,1636
501,11451
501,11468
11251,327
11251,1599
11251,11095
11251,12306
11251,13948
11251,13949
11251,13950
11251,13951
14014,27
14014,818
12271,215
1729,1723
1729,1730
1729,1731
1729,1732
14160,1837
1871,435
1871,1870
1871,2596
1871,7706
1871,7707
1871,7712
1871,7713
1871,7716
1871,7718
1871,7719
1871,7722
1871,11260
3869,3871
3869,7730
11323,275
11323,11311
11323,11322
2569,1708
13211,11484
13909,13910
13909,14619
13909,14705
13909,14706
13909,14707
2318,401
2318,1094
11711,275
11711,11701
11711,11751
11711,11752
12730,12726
15113,11203
15113,11612
15113,15115
1902,1901
1902,1919
1902,5546
1902,5548
12952,75
12952,447
12952,473
12952,11468
12952,11470
12952,12407
15508,14350
373,401
373,654
11637,11636
12638,12389
821,215
821,822
821,994
14183,14182
14707,14619
14707,14705
14707,14706
14707,16154
12157,12156
13307,15492
1089,1088
11333,11128
11333,11178
11333,11334
12951,12944
12951,12946
12951,12947
12242,15026
12242,15316
14568,14551
2586,139
2586,5486
2586,5487
13949,327
13949,1599
13949,11095
13949,12306
13949,13948
13949,13950
13949,13951
13949,14035
14473,14471
14473,14474
12313,12268
12313,12520
12313,12722
12313,12981
13529,13527
14993,1534
14993,14991
14993,14992
15083,15080
15083,15084
13881,13882
2393,2595
2393,14784
907,125
2601,656
2601,1657
2601,7784
3873,656
1573,158
1573,227
1573,325
1573,1574
1573,1604
1573,11152
1573,11243
1573,11249
1573,13902
1573,13976
7702,435
13092,13177
5550,1919
14867,14866
1959,1962
1959,1964
1959,1965
1959,1967
1959,11260
1959,14253
1959,14258
1959,15494
15141,11634
15141,11651
15141,11653
15141,13002
12466,11232
12466,12328
12466,12464
12466,12646
12466,12766
12466,12768
12466,13633
7797,656
13324,13322
13324,13323
12303,13960
12303,14025
12303,14026
12303,14030
12303,14031
12303,14032
12303,14476
15517,2186
15517,14479
13475,13474
15381,27
158,325
158,1574
158,11152
158,11243
158,11249
158,13902
797,215
1730,1723
1730,1731
1730,1732
13500,13498
15586,11194
15586,11227
13439,357
13439,12328
2467,27
2578,1813
5408,27
824,215
11697,11320
13571,457
14974,1538
350,74
350,227
350,305
350,447
350,499
350,1022
350,1571
350,2094
350,13485
350,13887
350,13973
350,14364
350,15507
2291,1724
2291,2289
2291,2290
2494,2483
2494,2495
2494,2497
13964,13965
12168,11134
13463,12897
13463,13465
13463,13467
5583,1810
2320,2321
1906,782
1906,818
1906,1908
1906,1910
1906,5359
1906,5363
1906,14655
1906,14656
11702,11674
1820,3906
11509,508
11509,11253
11509,11511
11509,11512
13041,12810
11828,11345
12898,12896
782,818
782,1660
782,1883
782,1886
782,1887
782,1898
782,1904
782,1905
782,1908
782,1910
782,1968
782,3638
782,5359
782,5363
782,14193
782,14206
782,14208
305,5
305,2146
305,13862
305,13863
5461,2579
12944,12946
12944,12947
14991,1534
14991,14992
11133,457
11133,474
11133,823
11133,11176
11133,12299
11133,12315
11133,12319
11133,12320
11133,12322
11133,12328
7800,656
5520,5519
2350,2349
2350,7757
6600,1892
14078,818
5506,1708
11227,11194
1536,14982
11330,275
2548,781
2548,14996
13289,13290
12726,12732
13322,13323
14259,14258
14656,818
5462,2579
12464,12328
12464,13684
13454,13450
3879,845
15165,15177
2160,2148
2160,2161
2160,2165
12292,12288
13501,13498
5616,5617
1932,1892
1932,1933
12468,937
12981,12784
15544,1601
12414,12407
14863,1601
14863,1915
14863,14864
11669,11286
11334,11138
11334,11203
11334,11370
11334,11601
11334,11612
11334,11631
11334,11634
11334,11755
11334,11801
11874,11248
11874,11359
11874,11855
1998,435
1998,16103
12889,1007
14438,11048
14438,14437
14438,14439
14438,14441
1714,1574
1714,1713
1714,2131
1714,2134
1714,2136
1714,2141
1714,5394
1714,5399
1714,13915
1714,14180
1714,14380
1714,14381
1714,14383
11480,11482
14193,1883
14193,1886
14193,1887
14193,2114
14193,3638
12764,12763
5484,1636
14030,13960
14030,14025
14030,14026
14030,14031
14030,14032
13924,308
13924,11184
13924,11511
13924,13862
13924,13913
13924,13915
13924,13916
13924,13919
13924,13921
13924,13930
13924,15428
6622,3910
976,3800
976,7663
976,7665
976,7666
11773,11774
11373,11843
11373,11921
11373,11922
11373,11923
13531,13527
13472,12328
11752,275
11752,11368
11752,11644
11752,11701
11752,11751
11752,12147
15428,308
15428,11184
15428,11511
15428,13862
15428,13913
15428,13915
15428,13916
15428,13919
15428,13921
15428,13930
781,807
781,1891
781,6604
14750,14751
14750,14752
8428,656
14515,327
13875,327
13875,11018
13875,11019
13875,11095
13875,13873
13875,13879
12102,11651
12102,12103
1076,13247
12825,499
12825,12826
12825,12829
12825,12832
3965,3960
401,1122
401,5443
401,12113
401,12813
401,12918
12887,12520
12887,15187
12887,15189
2165,2148
2165,2161
13187,11451
1962,1964
1962,1965
1962,1967
11128,275
11128,11307
11128,11354
11128,11612
11128,11619
11128,11644
14026,13960
14026,14025
14026,14031
14026,14032
13428,11451
13428,11484
13428,12704
13428,12862
13428,13432
13688,13177
13955,27
13955,1602
13955,11052
13955,13956
13955,15693
2826,382
15490,12903
15490,13299
15490,13300
15490,15489
15242,15239
11661,11660
11645,11248
11645,11644
13965,13938
5580,1810
11048,2141
11048,14047
11048,14052
11048,14437
11048,14439
11048,14441
11048,14630
14246,1898
12117,11418
12509,171
12509,11451
12509,13437
14765,1919
12759,12454
12759,12732
12759,12784
12759,12788
12759,12789
12759,12793
12759,14721
11192,275
11192,11138
11192,11194
1833,1835
13502,13498
16126,14544
11779,275
11779,11780
11779,11781
11756,275
11756,11203
11756,11757
364,382
364,1723
364,1870
308,374
308,1589
308,11184
308,11243
308,11511
308,13862
308,13913
308,13915
308,13916
308,13919
308,13921
308,13930
12897,474
12897,12896
12897,13016
12897,13130
12897,13142
12897,13258
12897,13509
12897,13511
13193,1067
2824,382
15074,14538
12429,125
12429,12437
12429,12438
12429,12440
13008,474
13008,12808
13008,13009
1644,354
227,325
227,333
227,1604
227,15703
11225,11194
11603,11601
11603,11799
11780,275
11780,11368
11780,11781
11203,275
11203,11194
11203,11599
11203,11612
11203,11651
11203,11809
11203,12147
12529,12513
15308,12459
15308,15307
6585,650
11152,325
11152,1574
11152,11243
11152,11249
11152,13902
14025,13960
14025,14031
14025,14032
12946,12947
13013,13010
11940,11938
16676,1534
13300,12903
13300,13299
13300,15489
11325,11739
11325,11740
13913,11184
13913,11511
13913,13862
13913,13915
13913,13916
13913,13919
13913,13921
13913,13930
2148,2146
2148,2161
2148,14390
2148,14458
1094,12927
1094,13349
1094,13350
1094,13351
13879,327
13879,11018
13879,11019
13879,11095
5622,654
494,11996
494,12000
494,12003
11368,11844
13120,1049
13120,13121
990,457
990,13364
1097,13356
3816,435
2481,1724
2481,2483
2481,2484
1887,1883
1887,1886
1887,3638
2030,435
13852,27
13852,327
13852,818
13852,14356
13852,14522
13852,14523
13852,14524
13852,14528
13852,14530
13852,14531
14541,2212
13355,15401
14777,818
14777,13912
14777,15538
14399,2146
11701,275
11701,11751
11701,11766
11701,12021
2825,382
14493,14476
11829,11345
11829,11418
11674,11673
12123,11134
5511,1863
13509,13511
11115,1571
11115,11243
11115,13903
11115,13904
14720,14721
15432,11370
2141,1713
2141,2131
2141,2134
2141,2136
2141,5399
2141,13820
2141,14388
15492,13308
13329,1092
13329,13335
13963,11095
13963,13960
2497,2483
2497,2495
12836,12835
12836,12837
12836,12839
12836,12841
12836,12842
12836,12965
12836,12987
12836,13337
2599,1942
15693,27
15693,1602
15693,11052
15693,13956
15029,12528
13643,12328
13643,13684
7791,845
14031,13960
14031,14032
14031,14290
1636,5
1636,1708
1636,1915
1636,1951
1636,1953
1636,1955
1636,2146
1636,2579
1636,3920
1636,5477
1636,5478
1636,5481
1636,5486
1636,5488
1636,5489
1636,5491
1636,11243
1636,13988
13903,1571
13903,13904
14052,14047
650,4081
650,4082
650,6586
650,6587
1534,13699
1534,14989
1534,14992
13280,1079
13280,13279
325,177
325,1574
325,11243
325,11249
325,13902
14401,2146
14751,14752
11923,11922
2099,1571
2099,2100
2099,2101
2099,16124
12116,11418
11253,508
11253,11511
11253,11512
14706,14619
14706,14705
3951,1892
12320,12319
2348,1690
13238,499
13238,13240
13238,13241
5586,1810
14362,2114
15119,15118
14646,1724
14646,14645
11844,12048
11844,13498
11844,15122
251,473
11629,11630
1915,818
1915,1601
1915,14864
1915,15403
1915,16098
6598,1892
1933,1660
13633,11451
13633,12328
13633,13634
13016,13142
15447,1007
2134,1713
2134,2131
2134,2136
2134,5399
12776,994
2131,1713
2131,2136
2131,5399
2131,14755
1690,1810
1690,15537
13257,13256
13257,13258
13975,13284
13975,14224
1708,508
1708,1818
1708,1837
1708,1863
1708,5450
1708,5503
1708,5504
1708,5517
1708,5519
1708,5523
1708,11243
1708,11511
2110,2111
2110,2113
12438,125
12438,12312
12438,12437
12438,12440
12373,12372
12178,11355
12178,11653
13820,14388
13673,12732
12173,11651
14507,14476
14507,14509
11232,994
11232,12328
11232,12987
11322,275
11322,11311
11322,11713
14051,1723
14051,14048
11881,11882
7752,1968
1727,1723
1660,1892
1660,3960
1660,3962
1660,3963
1732,1723
1732,1731
14172,14171
14380,13915
14380,14180
14380,14381
14380,14383
11866,11843
10876,5486
11601,11404
11601,12142
11601,15075
11601,15466
3880,845
14275,646
14364,2114
15221,15220
15386,27
15386,818
15386,13853
13930,11184
13930,11511
13930,13862
13930,13915
13930,13916
13930,13919
13930,13921
13006,12784
13006,15455
13006,15456
12440,125
12440,12437
15307,12459
419,654
1529,1736
1529,7772
13634,11451
457,474
457,823
457,1138
457,1156
457,11176
457,12299
457,12315
457,12328
457,12687
457,12689
457,12692
457,12693
457,12805
457,12896
457,13036
457,13364
457,13556
15107,11138
15107,11634
13849,27
11149,27
11407,12095
12921,12923
12921,12925
12921,12926
3896,399
920,12328
3795,3791
15552,11243
15552,15551
15193,15128
13432,11451
14048,1723
12589,12588
2114,1679
2114,1724
2114,1883
2114,2125
2114,5391
2114,14363
2114,14366
2114,14367
2114,14370
2114,14371
2114,14376
5549,1919
12933,11673
12389,12520
12389,12570
12389,15255
13194,1067
14182,11511
13208,13207
13873,327
13873,11018
13873,11019
13873,11095
499,474
499,1020
499,12826
499,12829
499,12832
499,12835
14490,14047
14490,14476
14490,14489
11980,11378
13629,13630
13629,13631
11904,11026
12988,12987
13011,13010
2483,1724
2483,2484
2483,2495
12903,13299
12903,15489
12962,12835
13075,13066
13131,474
13136,13135
13951,327
13951,1599
13951,11095
13951,12306
13951,13948
13951,13950
15482,15483
12108,11418
14904,16154
11692,11319
13543,654
13543,1125
13543,13537
13543,13539
11814,15466
1156,474
11345,275
11345,11248
13350,13349
13350,13351
12203,11651
12203,12147
5,27
5,354
5,2573
5,13863
5,13988
11962,11375
11243,374
11243,1571
11243,1574
11243,1818
11243,1824
11243,1919
11243,11249
11243,13902
11243,14709
11243,15551
1843,1837
1843,1840
5391,1679
15478,13182
14736,815
14736,14737
13967,13938
13967,13969
13716,11511
13716,13915
1574,11249
1574,13902
13912,14747
12540,12570
12540,13067
1922,1921
13943,11007
13943,13938
13943,13945
13853,27
13853,818
2193,2189
2193,2191
14755,818
13940,11007
13940,13938
13940,13939
13940,13942
13225,13030
13225,13226
12314,215
435,1870
435,2409
435,2502
435,3809
435,3810
435,7641
435,7693
435,7694
435,7695
435,7697
435,7699
2143,139
2143,14390
5588,1810
14356,327
14356,14520
14356,14522
14356,14523
14356,14524
14356,14528
14356,14530
14356,14531
16129,1724
11751,275
12356,13168
5571,1810
2005,2004
14195,399
14195,14194
5416,272
13125,474
13125,12918
5530,473
14907,2475
12856,13612
12625,11375
12625,11379
12625,11929
13682,13680
14479,2186
13102,12328
13102,13147
13919,11184
13919,11511
13919,13862
13919,13915
13919,13916
13919,13921
11691,11319
275,11178
275,11307
275,11311
275,11745
275,11757
275,11781
275,11782
275,12021
13113,13116
5399,1713
5399,2136
12125,11134
11472,11471
845,656
845,5275
845,7793
1111,474
1111,13479
11921,11843
14964,11511
14964,14966
14964,16558
1079,12973
1079,13276
1079,13277
1079,13278
1079,13279
1571,177
1571,374
1571,1634
1571,2100
1571,2101
1571,2573
1571,11512
1571,13904
1571,14390
1571,16124
5463,2579
191,11070
191,13891
7736,1870
12437,125
11378,11905
11378,12268
1892,18
1892,1895
1892,1898
1892,1900
1892,3947
1892,6599
11735,11311
12297,11176
14224,13284
11138,11370
11138,11631
11138,11634
11138,15078
11612,11026
11612,11248
11612,11370
11612,11404
11612,11613
11612,11643
11612,11651
11612,12147
11612,12210
11855,11248
11855,11359
11855,12105
11855,12107
11668,11535
937,287
937,12328
937,12470
14491,14476
13862,11184
13862,11511
13862,13915
13862,13916
13862,13921
646,2004
646,3891
646,7724
12597,11134
12789,12784
12789,12788
1953,16101
14496,14476
14566,14551
14782,2392
14238,13977
473,75
473,447
473,11468
473,11470
473,12407
1091,823
1919,5551
11052,27
11052,818
11052,1602
11052,13956
14509,14476
13921,11184
13921,11511
13921,13915
13921,13916
2186,818
2186,14458
3796,697
2146,1538
2146,2573
12539,12095
12539,12538
1870,2501
1870,7738
1870,7740
1870,11260
1870,15488
2004,14290
5575,1810
1601,1599
1601,14864
13036,12328
14923,818
11696,11335
11889,11132
11470,75
11470,447
11470,11468
11470,12407
5592,1810
2100,2101
2100,16124
14166,14167
11134,11929
11134,11973
11134,12124
15164,15163
11632,11631
14705,14619
12328,994
12328,1020
12328,1022
12328,12470
12328,12646
12328,12692
12328,12766
12328,12768
12328,12793
12328,12992
12328,13000
12328,13314
12328,13471
12328,13477
12328,13646
12328,13680
12328,13684
823,474
823,11176
823,12299
823,12315
11375,492
11494,177
11494,374
11494,11496
1942,2000
12304,13958
399,818
399,14194
399,14196
399,14197
399,14533
1883,1886
1883,3638
2111,2113
13496,12768
15128,11651
492,552
492,11159
492,11653
492,11882
492,11929
492,11930
492,15261
12842,12835
12842,12837
12842,12839
12842,12841
13010,13012
354,27
354,11511
354,13997
354,14001
14565,14551
14544,12459
14544,14032
12268,863
12268,12520
12268,12646
12268,12710
11012,13938
6607,6606
13460,171
15163,11653
3926,1810
5512,1863
15530,1724
13477,13612
11311,11734
14349,14350
14978,1538
14978,14084
14978,14429
14978,14976
14978,14977
11922,11370
13902,11249
14531,327
14531,14520
14531,14522
14531,14523
14531,14524
14531,14528
14531,14530
18,6590
171,11468
171,11484
171,12515
171,12535
171,12808
14492,14476
14164,14165
1898,1895
1898,1900
15306,12459
15118,11631
13498,13499
11341,11644
14441,14437
14441,14439
14441,14760
15088,12538
15080,15084
11094,11056
11094,11184
11095,327
11095,1599
11095,11018
11095,11019
11095,12306
11095,13948
11095,13950
11095,13960
2125,1724
5618,5617
6603,2356
14655,818
16154,14903
1910,1908
1910,5359
1910,5363
11512,508
11512,1634
11512,11511
14471,14474
11479,12934
3638,1886
12839,12835
12839,12837
12839,12841
14914,2486
13549,13548
13549,13550
1900,1895
14977,1538
14977,14084
14977,14429
14977,14976
14645,1724
1965,1964
1965,1967
13677,12732
14721,12793
13960,14032
14975,1538
14975,14976
1810,1813
1810,1923
1810,1941
1810,3925
1810,5562
1810,5576
1810,5577
1810,5579
1810,5585
1810,5590
1602,27
1602,13956
1602,15431
12826,12829
12826,12832
13175,13337
12107,12105
13893,11056
14637,11535
5460,2579
13000,12999
2479,2475
14567,14551
807,6606
807,8244
807,8245
807,8247
807,8249
13351,13349
14264,1981
6606,6609
2101,16124
16558,14966
12646,12766
12646,12768
13337,12835
13337,12987
14483,14482
12496,11451
12496,11484
13468,13471
13891,11070
14650,1724
14650,14210
14650,14429
697,3791
5467,2579
11176,474
11176,12299
11176,12301
11176,12315
11543,11762
3435,5486
11418,13797
12837,12835
12837,12841
14390,14392
15078,11631
1967,1964
14032,12459
11248,11354
11248,11359
11248,11404
11248,11644
11248,11651
11248,12176
13056,12965
14520,327
14520,14522
14520,14523
14520,14524
14520,14528
14520,14530
12832,12829
13057,12965
11355,11651
11019,327
11019,11018
11678,11307
11678,11713
11338,11178
11338,11809
11905,11026
1538,1713
1538,1723
1538,12459
1538,14084
1538,14429
1538,14433
1538,14476
1538,14976
14533,14640
11379,11370
11159,11882
13084,13082
14551,14564
13537,654
13537,1125
13537,13539
1837,1840
1874,1876
12212,12210
3874,656
12784,12788
12784,12791
13260,13256
13263,13256
5594,1813
14523,327
14523,14522
14523,14524
14523,14528
14523,14530
5359,1908
5359,5363
125,11180
12454,12732
11409,11653
2191,2189
13845,11260
11803,12174
11925,11370
12090,11404
2356,14770
15309,815
11132,11651
11132,11880
13939,11007
13939,13938
13939,13942
12103,11651
11260,13958
11260,14297
14047,1723
14047,14489
11361,11374
11361,11877
14691,818
13575,12732
14429,1724
14429,14084
14429,14171
14429,14210
14429,14976
15722,15721
11026,11653
1020,12805
1020,12835
11634,11370
11634,11631
12165,11653
1905,1724
1905,1904
1905,14208
14153,1824
5363,1908
11307,11308
11307,11731
15402,656
12841,12835
12142,15075
11511,508
11511,11184
11511,13915
11511,13916
654,1125
654,13539
12306,327
12306,1599
12306,13948
12306,13950
14458,818
2501,2502
13915,11184
13915,13916
13915,14180
13915,14381
13915,14383
12918,474
12711,12315
12711,12710
12711,12713
14381,14180
14381,14383
12095,12538
12934,12407
818,27
818,14206
2484,1724
13299,15489
1724,2289
1724,2290
1724,14210
12186,12185
12186,12194
12186,12195
382,2821
1731,1723
14171,14476
13942,11007
13942,13938
13969,13938
12315,474
12315,12299
12315,12710
12315,12713
5418,272
15456,11451
75,447
75,11468
75,12407
13503,13497
1125,13539
12732,13672
12732,13674
12732,13676
12732,15563
2289,2290
13518,13519
1067,474
1067,13191
13130,474
15489,12768
474,1141
474,12299
474,12746
7708,2596
2136,1713
13916,11184
13548,13550
14383,14180
11651,11354
11651,11370
11651,12147
12459,2486
1723,14476
14476,14210
14476,14495
14476,14502
14084,14976
7709,2596
12301,12299
13945,11007
13945,13938
15189,15187
11851,11849
11851,11850
2596,7710
177,374
1952,1951
12194,12185
12194,12195
656,3876
656,14266
656,14267
1599,327
1599,13938
1599,13948
1599,13950
12210,11653
12793,215
11653,11653
14522,327
14522,14524
14522,14528
14522,14530
12713,12710
13258,13256
14524,327
14524,14528
14524,14530
14530,327
14530,14528
2579,5466
815,1901
13948,327
13948,13950
11468,447
11468,11484
11468,12407
14208,1904
12266,215
13950,327
1856,1858
272,27
272,5411
272,5412
272,5419
11850,11849
27,1539
27,11153
27,13956
14439,14437
12835,12963
12775,994
994,215
2486,14910
12195,12185
13314,15491
11451,11484
11018,327
12274,215
13973,447
11535,11320
11535,11695
12989,1022
11007,13938
327,14528
1092,11484
1092,13335
11184,11056
11320,11695
447,12407
12344,12347
