id,birthY,gender,nationality,label
5,683,1,唐,一行
11,724,1,唐,于頔
13,622,1,唐,普光
18,732,1,唐,寶通
19,678,1,唐,大覺
27,705,1,唐,不空
29,656,1,唐,悲智
56,602,1,唐,弘忍
73,602,1,唐,玄奘
74,601,1,唐,道世
75,608,1,唐,玄應
105,711,1,唐,行滿
111,725,1,唐,利言
112,706,1,唐,含光
118,775,1,唐,希運
125,490,1,隋,那連提黎耶舍
132,780,1,唐,宗密
139,683,1,唐,定賓
158,630,1,唐,明恂
161,561,1,唐,明曠
163,653,1,唐,法月
164,746,1,唐,法全
171,571,1,唐,法琳
173,539,1,隋,法慎
177,635,1,唐,法寶
178,569,1,唐,法礪
184,669,1,唐,金剛智
191,593,1,唐,彥悰
207,746,1,唐,海雲
215,499,1,陳,真諦
223,601,1,唐,神泰
224,721,1,唐,神清
227,632,1,唐,窺基
237,753,1,唐,梁肅
251,683,1,唐,淨覺
272,746,1,唐,慧果
274,643,1,唐,慧英
275,334,1,東晉,慧遠
285,678,1,唐,智周
286,681,1,唐,智昇
287,605,1,唐,智威
288,567,1,唐,智首
294,518,1,陳,智愷
297,539,1,隋,智顗
298,602,1,唐,智儼
299,711,1,唐,湛然
305,637,1,唐,善無畏
308,572,1,唐,菩提流志
309,369,1,南梁,菩提達磨
325,613,1,唐,圓測
326,663,1,唐,圓暉
327,718,1,唐,圓照
333,661,1,唐,義忠
336,635,1,唐,義淨
340,746,1,唐,義操
346,314,1,東晉,道安
350,596,1,唐,道宣
354,668,1,唐,道氤
357,562,1,唐,道綽
364,750,1,唐,道邃
369,663,1,唐,遁麟
370,596,1,唐,釋靖邁
373,504,1,隋,鑑智僧璨
374,652,1,唐,實叉難陀
382,771,1,唐,廣修
398,680,1,唐,慧日
399,675,1,唐,南陽慧忠
400,652,1,唐,慧沼
401,515,1,陳,慧思
402,673,1,唐,慧苑
404,638,1,唐,慧能
406,767,1,唐,慧然
409,663,1,唐,慧暉
413,363,1,劉宋,慧嚴
415,738,1,唐,澄觀
419,455,1,隋,曇琳
435,720,1,唐,懷海
436,624,1,唐,懷素
446,746,1,唐,辯弘
447,620,1,唐,辯機
452,771,1,唐,靈祐 
457,523,1,隋,慧遠
473,622,1,唐,玄賾
474,543,1,隋,曇遷
485,321,1,東晉,法和
487,286,1,東晉,竺潛
488,337,1,東晉,慧持
491,463,1,南梁,僧詮
492,434,1,南齊,慧次
493,437,1,南齊,釋法度
494,233,1,東晉,佛圖澄
496,332,1,東晉,支曇籥
499,548,1,唐,慧休
500,568,1,唐,道岳
501,568,1,唐,僧辯
506,643,1,唐,法藏
507,636,1,唐,文綱
508,651,1,唐,思恒
510,646,1,唐,智積
534,304,1,東晉,竺法友
542,303,1,東晉,弘覺
543,322,1,劉宋,法智
544,507,1,陳,法朗
552,399,1,南齊,法遷
554,456,1,南梁,僧朗
563,354,1,東晉,法平
564,354,1,東晉,法等
581,709,1,唐,馬祖道一
582,797,1,唐,裴休
583,767,1,唐,義玄
584,780,1,唐,道明
587,775,1,唐,靈觀
588,775,1,唐,宗徹
590,793,1,唐,大安
599,580,1,唐,大醫道信
601,767,1,唐,大愚
604,671,1,唐,行思
646,745,1,唐,齊安 
647,749,1,唐,無等
648,753,1,唐,智常
649,594,1,唐,牛頭法融
650,782,1,唐,宣鑑
654,487,1,隋,慧可
656,748,1,唐,普願
677,768,1,唐,韓愈
689,739,1,唐,惟政
695,669,1,唐,宣一
696,780,1,唐,陳操
697,780,1,五代十國,如寶
704,677,1,唐,懷讓
708,772,1,唐,白居易
762,758,1,唐,道圓
765,549,1,隋,道珍
770,692,1,唐,曇一
772,715,1,唐,常照
775,718,1,唐,法詵
779,705,1,唐,大明
781,705,1,唐,惟忠
782,715,1,唐,道欽
784,723,1,唐,無名
794,514,1,陳,僧宗
795,514,1,陳,僧忍
797,520,1,陳,智休
807,776,1,唐,神照
815,746,1,唐,韋臯
817,711,1,唐,李亨
818,727,1,唐,李豫
820,738,1,唐,海岸
821,491,1,南梁,法泰
822,528,1,陳,靜嵩
823,530,1,隋,洪遵
824,522,1,陳,曹毘
825,536,1,陳,僧榮
826,551,1,唐,法侃
827,523,1,陳,智敫
828,540,1,隋,道尼
845,778,1,唐,從諗
862,509,1,陳,慧布
863,525,1,陳,寶瓊
865,769,1,唐,圓智
876,597,1,唐,慧遠
877,566,1,隋,智凝
879,556,1,唐,辯相
892,428,1,南梁,道育
907,564,1,隋,道密
909,487,1,唐,慧滿
920,305,1,隋,法喜
921,515,1,隋,和
927,539,1,隋,慧辯
928,544,1,隋,智越
937,561,1,唐,灌頂
938,557,1,唐,智晞
939,515,1,南梁,慧璀
960,771,1,唐,靈雲
973,709,1,唐,龐蘊
976,799,1,唐,智閑
986,495,1,隋,法存
987,722,1,唐,釋南印
990,503,1,隋,曇衍
994,537,1,隋,靖嵩
998,566,1,隋,靈覺
999,566,1,隋,道卓
1001,510,1,隋,寶儒
1002,490,1,隋,慧暢
1006,553,1,隋,智果
1007,532,1,隋,道判
1009,564,1,隋,淨業
1010,535,1,隋,靈幹
1011,554,1,唐,慧遷
1012,523,1,唐,智達
1013,684,1,唐,神會
1020,574,1,唐,道洪
1022,564,1,唐,慧頵
1024,775,1,唐,德誠
1029,548,1,唐,曇元
1030,548,1,唐,靈範
1031,464,1,南齊,道副
1036,498,1,隋,慧成
1046,515,1,隋,玄景
1047,515,1,隋,玄覺
1048,533,1,隋,智鍇
1049,546,1,隋,法彥
1055,529,1,隋,僧照
1062,556,1,唐,智璪
1065,541,1,唐,智藏
1067,564,1,唐,道哲
1075,538,1,隋,端
1076,577,1,唐,法顯
1077,579,1,唐,玄爽
1078,600,1,唐,智巖
1079,570,1,唐,善伏
1080,600,1,唐,寶月
1088,524,1,隋,法願
1089,524,1,唐,道行
1090,532,1,隋,法勝
1091,522,1,隋,洪淵
1092,589,1,唐,慧滿
1094,559,1,唐,慧旻
1097,593,1,唐,道興
1098,559,1,唐,曇光
1101,600,1,唐,明導
1111,557,1,唐,道英
1114,586,1,唐,智則
1122,525,1,隋,慧耀
1123,587,1,唐,道悅
1124,508,1,隋,惠
1125,508,1,隋,盛
1126,508,1,唐,那老師
1127,508,1,隋,善師
1134,774,1,唐,甘贄
1136,560,1,隋,僧昕
1138,560,1,隋,寶安
1139,560,1,隋,明馭
1141,560,1,隋,靜凝
1152,547,1,隋,智嶷
1155,552,1,唐,道顏
1156,523,1,唐,淨辯
1159,530,1,隋,普安
1161,571,1,隋,大志
1166,546,1,唐,慧超
1206,684,1,唐,慶修
1419,709,1,唐,亮
1438,709,1,唐,杜鴻漸
1496,659,1,唐,賀知章
1497,741,1,唐,鳥窠道林
1518,658,1,唐,釋義福
1529,784,1,唐,好直
1530,747,1,唐,法融
1531,754,1,唐,寧賁
1532,741,1,唐,慧涉
1533,727,1,唐,澄心
1534,743,1,唐,玄晏
1535,708,1,唐,行覺
1536,718,1,唐,澧陽慧演
1537,705,1,唐,懷空
1538,737,1,唐,皎然
1539,691,1,唐,普賢
1540,703,1,唐,慧朗
1545,765,1,唐,應真
1546,654,1,唐,道岸
1547,587,1,唐,道因
1549,587,1,唐,玄凝
1568,778,1,唐,文遠
1571,634,1,唐,弘景
1573,635,1,唐,嘉尚
1574,618,1,唐,道成
1577,640,1,唐,慧儼
1584,640,1,唐,嵩山峻極
1589,582,1,唐,耶舍瞿沙
1596,534,1,唐,波羅奢羅
1599,729,1,唐,竇文場
1601,698,1,唐,楚金
1602,684,1,唐,子隣
1603,671,1,唐,鄴都圓寂
1604,601,1,唐,神昉
1605,617,1,唐,釋順璟
1613,746,1,唐,法照
1616,603,1,唐,慧嚴
1617,613,1,唐,慧詡
1618,640,1,唐,義立
1620,627,1,唐,印宗
1622,684,1,唐,海雲
1625,552,1,唐,宗哲
1634,629,1,唐,道俊
1636,651,1,唐,嵩山普寂
1643,663,1,唐,崇廙
1644,668,1,唐,慎言
1645,577,1,唐,禮宗
1652,670,1,唐,徐嶠
1657,800,1,唐,勝光
1659,729,1,唐,神秀
1660,739,1,唐,天然
1662,729,1,唐,太初
1663,729,1,唐,正覺
1669,707,1,唐,隱峯
1679,699,1,唐,洪霈
1680,709,1,唐,醴
1685,723,1,唐,慧量
1690,737,1,唐,無著
1692,739,1,唐,賢林
1695,738,1,唐,清沔
1708,605,1,唐,神秀
1713,683,1,唐,法海
1714,669,1,唐,法慎
1715,728,1,唐,靈一
1717,634,1,唐,慧威
1721,673,1,唐,玄朗
1723,754,1,唐,元浩
1724,710,1,唐,神邕
1727,754,1,唐,慧日
1729,768,1,唐,智恒
1730,768,1,唐,子瑜
1731,768,1,唐,道儒
1732,768,1,唐,仲儀
1733,768,1,唐,仲良
1736,741,1,唐,智藏
1741,770,1,唐,端甫
1745,730,1,唐,道悟
1747,737,1,唐,崟
1760,768,1,唐,法泰
1761,774,1,唐,辯貞
1810,683,1,唐,慧忠
1813,653,1,唐,智威
1817,664,1,唐,韋璩
1818,658,1,唐,薛簡
1819,699,1,唐,釋進平
1820,667,1,唐,司空本淨
1822,620,1,唐,蒙山道明
1823,641,1,唐,顥元
1824,631,1,唐,釋曇璀
1825,643,1,唐,僧感
1826,643,1,唐,僧頵
1828,625,1,唐,道亮
1831,657,1,唐,慧遠
1833,653,1,唐,崔融
1835,641,1,唐,張錫
1837,665,1,唐,永嘉玄覺
1839,666,1,唐,玄策
1840,665,1,唐,惠操
1841,665,1,唐,惠特
1842,665,1,唐,等慈
1843,665,1,唐,玄寂
1846,673,1,唐,玄挺
1851,662,1,唐,慧朗
1853,662,1,唐,一行
1854,662,1,唐,有沛
1855,662,1,唐,進玉
1856,662,1,唐,辯海
1857,662,1,唐,道飲
1858,662,1,唐,慧祐
1859,662,1,唐,道禪
1860,647,1,唐,巨方
1861,556,1,唐,中條智封
1862,645,1,唐,香育
1863,645,1,唐,降魔藏
1864,703,1,唐,明瓚
1867,647,1,唐,坦然
1868,582,1,唐,釋慧安
1869,695,1,唐,道峻
1870,755,1,唐,釋惟寬
1871,755,1,唐,懷暉
1872,691,1,唐,靈著
1874,697,1,唐,朗智
1875,707,1,唐,道珣
1876,697,1,唐,如一
1881,668,1,唐,鶴林玄素
1882,702,1,唐,法鏡
1883,678,1,唐,齊澣
1884,673,1,唐,韋昭理
1885,664,1,唐,韓賞
1886,673,1,唐,李丹
1887,684,1,唐,崔令欽
1888,694,1,唐,崔渙
1889,726,1,唐,孫知古
1890,703,1,唐,志賢
1891,666,1,唐,道願
1892,701,1,唐,希遷
1893,672,1,唐,堅固
1895,738,1,唐,慧朗
1896,742,1,唐,振朗
1897,742,1,唐,波利
1898,748,1,唐,釋道悟
1899,742,1,唐,道銑
1900,742,1,唐,智舟
1901,720,1,唐,神會
1902,684,1,唐,無相
1903,720,1,唐,那提
1904,765,1,唐,裴度
1905,724,1,唐,陳少游
1906,717,1,唐,崇慧
1907,730,1,唐,顏
1908,730,1,唐,悟
1909,695,1,唐,釋廣敷
1910,744,1,唐,實相
1915,696,1,唐,慧空
1919,648,1,唐,處寂
1920,735,1,唐,釋智藏
1921,739,1,唐,鎬英
1922,739,1,唐,崇泰
1923,735,1,唐,道堅
1924,709,1,唐,靈坦
1932,731,1,唐,紫玉道通
1933,741,1,唐,釋自在
1934,764,1,唐,金藏
1935,772,1,唐,李翺
1937,777,1,唐,智頵
1939,767,1,唐,志操
1940,768,1,唐,義崇
1941,751,1,唐,佛窟惟則
1942,747,1,唐,釋靈默
1943,767,1,唐,志閑
1944,748,1,唐,文賁
1945,753,1,唐,崇信
1946,721,1,唐,釋甄叔
1947,771,1,唐,如坦
1948,771,1,唐,良寶
1949,702,1,唐,恒月
1950,658,1,唐,慧初
1951,701,1,唐,真亮
1952,661,1,唐,智休
1953,701,1,唐,釋思公
1954,692,1,唐,曇真
1955,703,1,唐,石藏
1958,772,1,唐,義俛
1959,761,1,唐,釋無業
1960,719,1,唐,志本
1961,730,1,唐,幽
1962,773,1,唐,慧愔
1963,771,1,唐,行勤
1964,771,1,唐,虔縱
1965,771,1,唐,義幽
1966,771,1,唐,元度
1967,771,1,唐,恒泰
1968,744,1,唐,釋如會
1969,772,1,唐,崔群
1970,724,1,唐,希搡
1972,747,1,唐,釋太毓
1973,764,1,唐,陸亙
1976,777,1,唐,至孚
1977,777,1,唐,契真
1978,777,1,唐,清斡
1979,758,1,唐,釋曇藏
1980,694,1,唐,超岸
1981,732,1,唐,明覺
1982,735,1,唐,圓脩
1983,782,1,唐,曇晟
1985,736,1,唐,釋智藏
1987,746,1,唐,惟儼
1989,752,1,唐,釋法常
1990,754,1,唐,崇演
1991,754,1,唐,善寂
1992,705,1,唐,雲琮
1993,715,1,唐,智嚴
1994,757,1,唐,惟政
1995,714,1,唐,詮澄
1996,745,1,唐,義賓
1997,755,1,唐,玄策
1998,780,1,唐,寰中
1999,786,1,唐,寰普
2000,790,1,唐,藏奐
2004,793,1,唐,釋鑒宗
2005,793,1,唐,咸啟
2006,798,1,唐,藏廙
2007,663,1,唐,石鞏慧藏
2012,770,1,唐,紹鑾
2020,753,1,唐,定蘭
2022,784,1,唐,慶玄
2029,788,1,唐,景岑
2030,774,1,唐,通
2043,794,1,唐,香燈
2081,767,1,唐,延沼
2094,618,1,唐,大慈
2095,644,1,唐,滿意
2096,668,1,唐,神積
2097,678,1,唐,慧顗
2098,678,1,唐,神慧
2099,678,1,唐,思義
2100,678,1,唐,紹覺
2101,678,1,唐,恒暹
2102,614,1,唐,崇業
2103,618,1,唐,名恪
2104,668,1,唐,慧纂
2105,668,1,唐,慧周
2106,668,1,唐,懷瑩
2107,668,1,唐,懷彥
2108,668,1,唐,道綱
2109,668,1,唐,子瑀
2110,668,1,唐,慧武
2111,668,1,唐,懷則
2112,668,1,唐,道超
2113,668,1,唐,思一
2114,675,1,唐,玄儼
2115,668,1,唐,義海
2116,668,1,唐,道融
2118,613,1,唐,秀公
2120,625,1,唐,貞固
2121,617,1,唐,靈㟧
2122,668,1,唐,大亮
2123,645,1,唐,康希銑
2125,672,1,唐,曇俊
2126,673,1,唐,崇默
2127,675,1,唐,崇一
2128,693,1,唐,道昭
2131,667,1,唐,懷一
2132,721,1,唐,崇叡
2133,699,1,唐,惠鸞
2134,699,1,唐,法瑜
2135,699,1,唐,崇元
2136,699,1,唐,法勵
2141,699,1,唐,明幽
2142,682,1,唐,道光
2143,650,1,唐,榮叡
2144,674,1,唐,普照
2146,700,1,唐,守真
2148,714,1,唐,辯秀
2149,724,1,唐,清江
2151,764,1,唐,清源
2160,715,1,唐,神玩
2161,715,1,唐,道昂
2163,715,1,唐,昭亮
2165,715,1,唐,法俊
2166,708,1,唐,齊翰
2167,708,1,唐,如隱
2168,708,1,唐,宣兌
2170,691,1,唐,大義
2171,692,1,唐,神逈
2178,722,1,唐,慧從
2180,746,1,唐,靈澈
2182,717,1,唐,神皓
2185,710,1,唐,陸向
2186,710,1,唐,張象
2187,741,1,唐,維亮
2188,717,1,唐,道超
2189,717,1,唐,靈俊
2190,717,1,唐,道濬
2191,717,1,唐,道稜
2192,717,1,唐,維讓
2193,717,1,唐,維誠
2194,731,1,唐,安國藏用
2211,638,1,唐,法海
2212,724,1,唐,辯才
2213,724,1,唐,寂
2215,628,1,唐,僧伽
2218,744,1,唐,神湊
2251,584,1,唐,道安
2253,709,1,唐,華林善覺
2254,769,1,唐,仲興
2267,713,1,唐,元崇
2269,728,1,唐,如泉
2270,728,1,唐,澄添
2278,542,1,唐,僧衒
2289,728,1,唐,智昂
2290,728,1,唐,進明
2291,728,1,唐,慧照
2293,726,1,唐,慧照
2295,765,1,唐,溫造
2318,524,1,陳,玄光
2320,656,1,唐,慧岸
2321,656,1,唐,木叉
2329,640,1,唐,破竈墮
2330,644,1,唐,嵩嶽元珪
2331,644,1,唐,仁素
2334,678,1,唐,安靜
2335,625,1,唐,丁
2336,771,1,唐,韋珩
2337,771,1,唐,物外
2338,771,1,唐,元琇
2340,771,1,唐,常操
2343,645,1,唐,明讚
2348,757,1,唐,文一
2349,761,1,唐,普化
2350,735,1,唐,寶積
2352,682,1,唐,玄宗
2353,643,1,唐,詞朗
2354,653,1,唐,思浩
2356,705,1,唐,釋圓震
2368,697,1,唐,懷空
2379,744,1,唐,法藏
2392,730,1,唐,釋道行
2393,745,1,唐,釋神鑒
2409,770,1,唐,普岸
2440,611,1,唐,正壽
2441,651,1,唐,神慥
2466,673,1,唐,思睿
2467,708,1,唐,元皎
2470,746,1,唐,守素
2475,651,1,唐,玄覽
2476,685,1,唐,明了
2477,685,1,唐,普賢
2478,685,1,唐,神滿
2479,685,1,唐,懷遜
2480,705,1,唐,道賓
2481,708,1,唐,法源
2482,705,1,唐,守真
2483,714,1,唐,道遵
2484,705,1,唐,道原
2485,705,1,唐,清辯
2486,697,1,唐,慧明
2488,697,1,唐,慧解
2489,697,1,唐,慧敏
2490,697,1,唐,如知
2492,634,1,唐,義威
2493,684,1,唐,法興
2494,735,1,唐,靈翰
2495,724,1,唐,法盛
2496,724,1,唐,道欣
2497,724,1,唐,靈源
2498,770,1,唐,全亮
2499,770,1,唐,唯約
2500,728,1,唐,幽玄
2501,778,1,唐,文質
2502,769,1,唐,契真
2505,684,1,唐,高守節
2506,730,1,唐,行嚴
2507,789,1,唐,願誠
2527,699,1,唐,惠凝
2534,638,1,唐,僧達
2538,707,1,唐,道隱
2539,707,1,唐,辯真
2540,709,1,唐,釋道晤
2543,703,1,唐,釋福琳
2544,703,1,唐,謙著
2545,707,1,唐,崇真
2546,719,1,唐,真悟
2547,727,1,唐,智明
2548,723,1,唐,法如
2549,723,1,唐,洪思
2550,741,1,唐,惟晏
2553,747,1,唐,慧休
2554,746,1,唐,圓載
2555,771,1,唐,良汶
2559,789,1,唐,圓貞
2565,539,1,唐,等觀
2566,638,1,唐,法如
2567,643,1,唐,法現
2569,655,1,唐,大福
2570,660,1,唐,景賢
2572,673,1,唐,義琬
2573,673,1,唐,惠真
2574,675,1,唐,淨藏
2575,651,1,唐,法雲
2576,683,1,唐,智通
2577,709,1,唐,打地
2578,653,1,唐,崇慧
2579,700,1,唐,同光
2581,704,1,唐,曇真
2582,704,1,唐,神行
2583,712,1,唐,承遠
2584,715,1,唐,法玩
2585,717,1,唐,乘廣
2586,720,1,唐,契微
2587,726,1,唐,熙怡
2588,728,1,唐,如海
2589,731,1,唐,觀宗
2592,746,1,唐,大義
2595,774,1,唐,慧昭
2596,781,1,唐,行標
2597,782,1,唐,智真
2598,787,1,唐,無了
2599,792,1,唐,正元
2600,794,1,唐,曉方
2601,800,1,唐,利蹤
2602,800,1,唐,無染
2606,793,1,唐,文矩
2769,539,1,隋,般若
2773,539,1,隋,慧綽
2821,771,1,唐,良湑
2824,771,1,唐,敬文
2825,771,1,唐,光韶
2826,771,1,唐,維蠲
2837,771,1,唐,敬休
2840,771,1,唐,慧凝
2879,741,1,唐,雲居智
2889,711,1,唐,福先仁儉
3432,586,1,唐,靈辨
3434,671,1,唐,曹谿令韜
3435,705,1,唐,常超
3467,772,1,唐,王敬初
3468,771,1,唐,米和尚
3471,740,1,唐,如滿
3512,539,1,隋,道修
3515,539,1,隋,法才
3516,539,1,隋,法璨
3517,539,1,隋,道臻
3518,709,1,唐,普門子
3519,609,1,唐,智詵
3523,737,1,唐,懷素
3610,767,1,唐,大覺
3627,744,1,唐,義將
3633,709,1,唐,大珠慧海
3635,662,1,唐,遠整
3638,643,1,唐,梁昇卿
3643,781,1,唐,誓通
3656,793,1,唐,行滿
3657,793,1,唐,行真
3658,725,1,唐,圓暢
3664,711,1,唐,神烈
3665,711,1,唐,義津
3670,687,2,唐,李華
3750,638,1,唐,吉州志誠
3751,638,1,唐,洪州法達
3752,638,1,唐,壽州智通
3753,638,1,唐,信州智常
3754,638,1,唐,志徹
3788,793,1,唐,光穆
3791,780,1,唐,德韶
3793,780,1,唐,志謙
3795,780,1,唐,詞鐸
3796,780,1,唐,福壽
3797,780,1,唐,鹿苑
3799,780,1,唐,貞邃
3800,799,1,唐,無染
3802,799,1,唐,清幹
3803,799,1,唐,演教
3805,799,1,唐,紹宗
3806,799,1,唐,止觀
3807,720,1,唐,常觀
3808,720,1,唐,性空
3809,743,1,唐,萬歲
3810,720,1,唐,神贊
3812,720,1,唐,慧
3814,720,1,唐,衛國道
3815,720,1,唐,清田
3816,720,1,唐,龍雲臺
3817,771,1,唐,應天
3819,771,1,唐,慈慧
3820,771,1,唐,霍山和尚
3822,793,1,唐,嶢山
3824,793,1,唐,師解
3827,793,1,唐,圓明
3829,793,1,唐,浮江
3831,709,1,唐,北蘭讓
3832,709,1,唐,道明
3833,709,1,唐,自滿
3834,709,1,唐,洪恩
3835,709,1,唐,常興
3837,754,1,唐,寶徹
3840,768,1,唐,靈湍
3841,709,1,唐,法會
3844,709,1,唐,智堅
3846,709,1,唐,惟建
3848,709,1,唐,大陽和尚
3849,709,1,唐,古寺和尚 
3850,709,1,唐,烏臼和尚 
3851,709,1,唐,佛嶴和尚
3852,709,1,唐,濛溪和尚 
3854,709,1,唐,水塘和尚 
3856,709,1,唐,馬頭神藏
3857,709,1,唐,石臼和尚
3858,709,1,唐,本谿和尚
3859,709,1,唐,石林和尚 
3861,709,1,唐,魯祖寶雲
3862,709,1,唐,三角總印
3863,709,1,唐,大同廣澄
3865,709,1,唐,大善
3868,752,1,唐,迦智
3869,752,1,唐,天龍
3871,752,1,唐,俱胝
3873,748,1,唐,茱萸
3874,748,1,唐,義端
3875,748,1,唐,雲際
3876,748,1,唐,曇照
3877,778,1,唐,從朗
3879,778,1,唐,奉
3880,778,1,唐,新建
3882,778,1,五代十國,善信
3883,753,1,唐,智通
3885,753,1,唐,大茅
3886,753,1,唐,高亭
3889,767,2,宋,了然
3890,745,1,唐,道常
3891,745,1,唐,玄真
3893,745,1,唐,義空
3896,675,1,唐,惟戒
3898,684,1,唐,光寶
3903,638,1,唐,曉了
3904,638,1,唐,智隍
3905,638,1,唐,志道
3906,676,1,唐,楊光庭
3908,638,1,唐,定真
3909,638,1,唐,善悟
3910,638,1,唐,祇陀
3911,638,1,唐,嵩山尋
3912,638,1,唐,淨安
3913,638,1,唐,善快
3914,638,1,唐,宗一
3915,714,1,唐,無住
3916,684,1,唐,山融
3918,651,1,唐,守賢
3919,651,1,唐,日照
3920,651,1,唐,法融
3921,757,1,唐,定心
3922,757,1,唐,志真
3923,643,1,唐,山車
3924,712,1,唐,道性
3925,712,1,唐,全
3926,712,1,唐,懷古
3927,712,1,唐,行應
3928,369,2,南梁,尼總持
3935,780,1,唐,覺
3936,780,1,唐,仁瑜
3938,780,1,唐,太恭
3939,780,1,唐,太錫
3941,780,1,唐,宗
3946,701,1,唐,汾州石樓
3947,701,1,唐,法門佛陀
3948,701,1,唐,水空和尚
3949,701,1,唐,大川
3950,701,1,唐,曠
3951,701,1,唐,大同濟
3952,701,1,唐,善導
3953,732,1,唐,三平義忠
3956,732,1,唐,馬頰本空
3958,701,1,唐,僊天
3959,701,1,唐,福州普光
3960,739,1,唐,性空
3961,739,1,唐,米倉
3962,739,1,唐,義安
3963,739,1,唐,本童
3964,739,1,唐,茂源
3965,739,1,唐,光仁
3985,746,1,唐,慧省
3986,746,1,唐,藥山高
3987,746,1,唐,明哲
3988,782,1,唐,僧密
3989,782,1,唐,鑒洪
4024,786,1,五代十國,密行
4076,748,1,唐,幽閑
4078,753,1,五代十國,泐潭寶峯
4080,782,1,唐,慧恭
4081,782,1,唐,瓦棺和尚
4082,782,1,唐,高亭簡
4083,782,1,唐,資國
4272,767,1,唐,譚空
4273,767,1,唐,寶壽
4274,767,1,唐,旻德
4275,767,1,唐,善崔
4277,767,1,唐,歷村
4278,767,1,唐,桐峯
4279,767,1,唐,級衣
4280,767,1,唐,覆盆
4281,767,1,唐,魯祖山教
4283,767,1,唐,思明
4284,767,1,宋,歸靜
4285,767,1,唐,鎮州大悲
4286,767,1,唐,淄州水陸
4287,767,1,唐,大覺
4290,767,1,唐,譚空
5196,709,1,唐,金牛和尚
5212,597,1,唐,道素
5275,778,1,五代十國,多福
5278,738,1,唐,嗣肇
5331,700,1,唐,道真
5353,677,1,唐,志空
5359,744,1,唐,常覺
5360,768,1,唐,圓鏡
5363,730,1,唐,廣敷
5364,651,1,唐,慧空
5367,769,1,唐,淥清
5368,745,1,唐,道吾
5374,755,1,唐,公畿和尚
5379,735,1,唐,處微
5391,687,1,唐,覺胤
5392,687,1,唐,灌頂
5393,669,1,唐,璿光
5394,669,1,唐,乾印
5395,669,1,唐,惠逺
5397,515,1,隋,大善
5398,714,1,唐,清源
5399,696,1,唐,靈祐
5408,687,1,唐,慧超
5409,705,1,唐,覺超
5410,691,1,唐,玄超
5411,746,1,唐,惠應
5412,746,1,唐,惠則
5413,746,1,唐,惟尚
5414,746,1,唐,義滿
5415,746,1,唐,義明
5416,746,1,唐,義照
5417,746,1,唐,義愍
5418,746,1,唐,義澄
5419,746,1,唐,法潤
5420,746,1,唐,緣會
5421,746,1,唐,元政
5422,746,1,唐,文悟
5423,725,1,唐,文璨
5424,746,1,唐,義真
5425,746,1,唐,大遇
5426,746,1,唐,文苑
5427,746,1,唐,深達
5428,746,1,唐,惠日
5443,529,1,隋,僧照
5448,712,1,唐,智燈
5450,605,1,唐,惠福
5451,715,1,唐,淨業
5452,673,1,唐,靈稟
5453,673,1,唐,玄淨
5454,673,1,唐,法開
5455,673,1,唐,法澄
5456,673,1,唐,法真
5457,673,1,唐,行宣
5458,700,1,唐,堅照
5459,700,1,唐,真觀
5460,700,1,唐,寶藏
5461,700,1,唐,法琳
5462,700,1,唐,智信
5463,700,1,唐,承恩
5464,700,1,唐,忠順
5465,700,1,唐,超岸
5466,700,1,唐,深信
5467,700,1,唐,惟濟
5468,700,1,唐,曇則
5469,715,1,唐,靈湊
5470,715,1,唐,志堅
5471,715,1,唐,靈寶
5472,715,1,唐,曇藏
5473,715,1,唐,智深
5474,715,1,唐,法液
5475,651,1,唐,絢
5476,651,1,唐,幹
5477,651,1,唐,澄
5478,651,2,唐,靈覺
5479,757,1,唐,照
5480,651,1,唐,曇慶
5481,677,1,唐,廣德
5482,704,1,唐,正順
5483,651,1,唐,崇泰
5484,651,1,唐,慧遠
5485,651,1,唐,勝緣
5486,692,1,唐,弘正
5487,720,2,唐,惠操
5488,651,1,唐,常越
5489,651,1,唐,真
5490,651,1,唐,演
5491,654,1,唐,融
5492,662,2,唐,惠源
5493,658,1,唐,猛
5494,658,1,唐,動
5495,658,1,唐,大隱
5496,658,1,唐,光
5497,658,1,唐,神斐
5498,658,1,唐,定境
5499,658,1,唐,道播
5500,658,1,唐,玄證
5501,717,2,唐,盧未曾有
5502,605,1,唐,遍淨
5503,605,1,唐,杜
5504,605,1,唐,日
5505,605,1,唐,忽雷澄
5506,605,1,唐,崇慎
5507,660,1,唐,法宣
5508,660,1,唐,慧巘
5509,660,1,唐,敬言
5510,660,1,唐,慧林
5511,645,1,唐,寂滿
5512,645,1,唐,定莊
5513,645,1,唐,慧隱
5515,643,1,唐,慎徽
5516,643,1,唐,武誡
5517,605,1,唐,觀
5518,605,1,唐,幽
5519,605,1,唐,小福
5520,605,1,唐,深寂
5521,605,1,唐,法超
5522,605,1,唐,雲
5523,660,1,唐,侯莫陳琰
5524,651,1,唐,真亮
5525,602,1,唐,玄約
5526,638,1,唐,惠超
5527,622,1,唐,神斐
5528,622,1,唐,智游
5529,622,1,唐,智深
5530,622,1,唐,暢
5531,620,1,唐,崇寂
5532,620,1,唐,神貞
5533,620,1,唐,瓌
5534,602,1,唐,宣什
5535,602,1,唐,義方
5536,602,1,唐,法照
5537,602,1,唐,曇光
5538,602,1,唐,劉主簿
5539,644,1,唐,靈雲
5540,644,1,唐,賢順
5541,582,1,唐,慧遠
5542,648,1,唐,陳楚章
5543,602,1,唐,惠藏
5544,602,1,唐,智德
5545,684,1,唐,縣季
5546,684,1,唐,慧廣
5547,684,1,唐,王頭陀
5548,684,1,唐,季
5549,648,1,唐,曉了
5550,648,1,唐,馬
5551,648,1,唐,超
5552,602,1,唐,法持
5553,580,1,唐,法藏
5558,704,1,唐,楊孚
5559,594,1,唐,大素
5560,683,1,唐,善道
5561,683,1,唐,大智
5562,712,1,唐,法常
5563,731,1,唐,法常
5564,731,1,唐,明徹
5565,731,1,唐,惠見
5566,731,1,唐,道真
5567,731,1,唐,光獻
5568,731,1,唐,元徽
5569,731,1,唐,清瑗
5570,731,1,唐,元悟
5571,712,1,唐,道融
5572,712,1,唐,懷信
5573,712,1,唐,智真
5574,712,1,唐,譚顒
5575,712,1,唐,雲韜
5576,712,1,唐,凝
5577,712,1,唐,法梁
5578,712,1,唐,惠良
5579,712,1,唐,照明
5580,712,1,唐,法燈
5581,712,1,唐,定空
5582,712,1,唐,道遇
5583,712,1,唐,凝空
5584,712,1,唐,道初
5585,712,1,唐,藏
5586,712,1,唐,靈暉
5587,712,1,唐,道穎
5588,712,1,唐,巨英
5589,712,1,唐,凝寂
5590,712,1,唐,遠
5591,712,2,唐,明悟
5592,712,1,唐,殷淨己
5593,741,1,唐,會通
5594,697,1,唐,寶觀
5596,725,1,唐,藏樞
5597,668,1,唐,曇益
5598,668,1,唐,圓鏡
5599,635,1,唐,玄素
5600,635,1,唐,弘仁
5601,600,1,唐,鏡潭
5602,600,1,唐,志長
5603,600,1,唐,義真
5604,600,1,唐,端伏
5605,600,1,唐,龜仁
5606,600,1,唐,辯才
5607,600,1,唐,法俊
5608,600,1,唐,敏古
5609,594,1,唐,月空
5610,594,1,唐,道演
5611,594,1,唐,定莊
5612,594,1,唐,智瑳
5613,594,1,唐,道樹
5614,594,1,唐,智爽
5615,594,1,唐,杜默
5616,594,1,唐,智誠
5617,594,1,唐,定真
5618,594,1,唐,如度
5619,580,1,唐,元一
5621,487,1,隋,神定
5622,487,1,隋,寶月
5623,487,1,隋,華閑
5624,487,1,唐,曇邃
5625,487,1,唐,慧簡
5626,487,1,唐,慧瑳
5627,487,1,唐,慧綱
5628,487,1,唐,大覺
5629,487,1,唐,曇影
5630,487,1,唐,明練
5631,487,1,唐,靜泰
5924,782,1,唐,幽谿和尚
5936,786,1,五代十國,大巖白
5937,786,1,五代十國,碧雲
5981,746,1,唐,光虙
5982,746,1,唐,藥山蘷
5983,746,1,唐,落霞和尚
6585,782,1,唐,鵝湖紹奭
6586,782,1,唐,鳳翔無垢
6587,782,1,唐,雙流尉遲
6588,701,1,唐,潭州華林
6589,701,1,唐,丁行者
6590,732,1,唐,本生和尚
6591,732,1,唐,吉州薯山
6594,739,1,唐,六合大隱
6595,739,1,唐,丹霞慧勤
6596,701,1,唐,海陵大辯
6597,701,1,唐,渚涇
6598,701,1,唐,漢州常清
6599,701,1,唐,福州碎石
6600,701,1,唐,商州商嶺
6601,701,1,唐,常州義興
6602,701,1,唐,玄固
6603,705,1,唐,四面法智
6604,705,1,唐,益州如一
6605,776,1,唐,鎮州常一
6606,776,1,唐,滑州智遠
6607,776,1,唐,彭門審用
6608,776,1,唐,上方真
6609,776,1,唐,東京法志
6610,776,1,唐,鹿臺玄邃
6611,776,1,唐,龍興念
6612,684,1,唐,河陽懷空
6613,684,1,唐,蔡州道明
6614,684,1,唐,涪州朗
6615,684,1,唐,李常
6616,675,1,唐,慧雲
6617,675,1,唐,智祥
6618,638,1,唐,峽山泰祥
6619,638,1,唐,并州自在
6620,638,1,唐,玄楷
6621,638,1,唐,智本
6622,638,1,唐,衡州道倩
6623,638,1,唐,湖南如寶
6624,638,1,唐,羅浮靈運
6625,638,1,唐,制空道進
6626,638,1,唐,荊州玄覺
6627,638,1,唐,潭州無學
6628,638,1,唐,韶山緣素
6629,638,1,唐,韶州小道進
6630,638,1,唐,韶州遊寂
6631,638,1,唐,秦望善現
6632,638,1,唐,南嶽梵行
6633,638,1,唐,西京咸空
6634,638,1,唐,光州法淨
6635,638,1,唐,清涼辯才
6636,638,1,唐,廣州吳頭陀
6637,638,1,唐,道英
6638,638,1,唐,清苑法真
6639,638,1,唐,曇璀
6640,638,1,唐,孫菩薩
6715,778,1,唐,胡釘鉸
7613,767,1,唐,金沙
7614,767,1,唐,允誠
7615,767,1,唐,米倉和尚
7616,767,1,唐,齊聳
7617,767,1,唐,涿州秀
7618,767,1,唐,雲山和尚
7619,767,1,唐,法華和尚
7620,767,1,唐,荊南竹園
7621,767,1,唐,汝州南院和尚
7622,767,1,唐,定上座
7623,767,1,唐,善權徹
7624,767,1,唐,際上座
7625,767,1,唐,杉洋
7626,767,1,唐,虎谿菴主
7628,767,1,唐,奯上座
7629,780,1,唐,嚴陵鈞臺
7630,775,1,唐,六合德元
7631,775,1,唐,士門讚
7632,775,1,唐,襄州政
7633,775,1,唐,弘宣
7634,775,1,唐,幽州超
7635,775,1,唐,蘇州憲
7636,720,1,唐,西林操
7637,793,1,唐,淥水和尚
7638,793,1,唐,溫州靈陽
7639,793,1,唐,洪州紙衣
7640,793,2,唐,鄭十三娘
7641,720,1,唐,九仙梵雲
7643,771,1,唐,福州雙峯
7644,771,1,唐,雙峰古
7645,785,1,唐,延慶法端
7646,771,1,唐,定山神英
7647,793,1,唐,鴿湖和尚
7656,771,1,唐,三角法遇
7657,771,1,唐,西山道方
7658,771,1,唐,長延圓鑑
7659,771,1,唐,溈山如真
7660,771,1,唐,并州元順
7661,771,1,唐,嵩山神劍
7662,771,1,唐,元康和尚
7663,799,1,唐,長平山和尚
7664,799,1,唐,豐德寺和尚
7665,799,1,唐,睦州東禪
7666,799,1,唐,雙谿田
7667,799,1,唐,佛巖暉
7668,799,1,唐,照覺寺和尚
7669,771,1,唐,志和
7670,771,1,唐,興元崇皓
7671,771,1,唐,鄂州全諗
7672,771,1,唐,許州弘進
7673,771,1,唐,餘杭文立
7674,771,1,唐,越州光相
7675,771,1,唐,蘇州文約
7676,771,1,唐,上元智滿
7677,771,1,唐,金州法朗
7678,771,1,唐,鄂州超達
7679,771,1,唐,白鹿從約
7680,771,1,唐,西堂復
7681,771,1,唐,溫州靈空
7682,771,1,唐,大溈簡
7683,771,1,唐,荊南智朗
7684,771,1,唐,溈山普潤
7685,771,1,唐,黑山和尚
7686,771,1,唐,霜山和尚
7687,771,1,唐,南源和尚
7688,771,1,唐,溈山冲逸
7689,771,1,唐,溈山彥
7690,771,1,唐,鄧州志詮
7691,771,1,唐,荊州弘珪
7692,771,1,唐,巖背道曠
7693,720,1,唐,高安無畏
7694,720,1,唐,東巖道曠
7695,720,1,唐,邢州素
7696,720,1,唐,大乘吉本
7697,720,1,唐,小乘慧深
7698,720,1,唐,慧照昭一
7699,720,1,唐,羅浮鑒深
7700,720,1,唐,包山天性
7701,720,1,唐,大梅彼岸
7702,720,1,唐,遼山藏術
7703,720,1,唐,祇闍道方
7704,720,1,唐,大于和尚
7705,709,1,唐,茗溪道行
7706,755,1,唐,薦福弘辯
7707,755,1,唐,東邑懷政
7708,781,1,唐,道光
7709,781,1,唐,道圓
7710,781,1,唐,令詢
7711,755,1,唐,朗州古堤
7712,755,1,唐,栢林閑雲
7713,755,1,唐,宣州玄哲
7714,755,1,唐,許州無迹
7715,755,1,唐,道遂
7716,761,1,唐,智朗
7717,755,1,唐,河中寶堅
7718,755,1,唐,西京道志
7719,755,1,唐,絳州神祐
7720,755,1,唐,西京智藏
7721,755,1,唐,壽州惟肅
7722,755,1,唐,新羅覺體
7723,745,1,唐,漳州羅漢
7724,745,1,唐,白雲曇靖
7725,745,1,唐,淥水文舉
7726,745,1,唐,壽州建宗
7727,794,1,唐,法順
7728,747,1,唐,蘇溪和尚
7729,747,1,唐,甘泉元遂
7730,752,1,唐,新羅彥忠
7731,752,1,唐,新羅忠彥
7732,709,1,唐,泉州慧忠
7733,709,1,唐,黑㵎和尚
7734,760,1,唐,雲水靖宗
7735,760,1,唐,華州道圓
7736,755,1,唐,京兆法智
7737,755,1,唐,京兆慧建
7738,755,1,唐,京兆無表
7739,755,1,唐,京兆元淨
7740,755,1,唐,京兆慧光
7741,755,1,唐,京兆義宗
7742,736,1,唐,齊安和尚
7743,744,1,唐,道建
7744,744,1,唐,利辯
7745,744,1,唐,元審
7746,744,1,唐,元總
7747,761,1,唐,鎮州常貞
7748,761,1,唐,鎮州奉先義
7749,744,1,唐,薯山慧超
7750,744,1,唐,舒州景諸
7751,744,1,唐,莊嚴光肇
7752,744,1,唐,幕輔昭
7753,768,1,唐,上林戒虛
7754,768,1,唐,祇林和尚
7755,768,1,唐,蘇州法河
7756,754,1,唐,壽州良遂
7757,735,1,唐,上方和尚
7758,709,1,唐,雲水和尚
7759,746,1,唐,廣濟
7760,746,1,唐,翛然
7761,746,1,唐,獻中
7762,746,1,唐,普修
7763,746,1,唐,靈𧦪
7764,746,1,唐,宏昭
7772,784,1,唐,鑑諸
7773,709,1,唐,洞安
7774,709,1,唐,棲靈智通
7775,709,1,唐,柏巖明哲
7776,709,1,唐,黑眼和尚
7777,709,1,唐,齊峯和尚
7778,709,1,唐,利山和尚
7779,709,1,唐,乳源和尚
7780,709,1,唐,松山和尚
7781,709,1,唐,則川和尚
7782,709,1,唐,百靈和尚
7783,800,1,唐,浮石和尚
7784,800,1,唐,日容和尚
7785,800,1,唐,紫桐恒通
7786,748,1,唐,霍山無名
7787,788,1,唐,金華嚴靈
7788,748,1,唐,石梯和尚
7789,748,1,唐,日子和尚
7791,778,1,五代十國,麻谷山和尚
7792,778,1,五代十國,益州西睦
7793,778,1,五代十國,觀音定鄂
7794,778,1,五代十國,茗萍和尚
7795,778,1,五代十國,太原免道
7796,748,1,唐,靈鷲閑
7797,748,1,唐,嵩山和尚
7798,748,1,唐,西禪和尚
7799,748,1,唐,資山存制
7800,748,1,唐,江陵道弘
7801,748,1,唐,宣州玄極
7803,709,1,唐,潭州秀谿
7804,709,1,唐,京兆草堂
7805,709,1,唐,京兆興平
7806,709,1,唐,逍遙和尚
7807,709,1,唐,福谿和尚
7808,709,1,唐,浮盃和尚
7809,709,1,唐,水老和尚
7810,709,1,唐,龍山和尚
7811,709,1,唐,紅螺山和尚
7812,709,1,唐,王姥翛然
7813,709,1,唐,伏棲策
7814,709,1,唐,松滋塔智聰
7815,709,1,唐,杭州智藏
7816,709,1,唐,京兆懷韜
7817,709,1,唐,處州法藏
7818,709,1,唐,河中懷則
7819,709,1,唐,常州明幹
7820,709,1,唐,鄂州洪潭
7821,709,1,唐,象原懷坦
7822,709,1,唐,青蓮元禮
7823,709,1,唐,河中保慶
7824,709,1,唐,潞府法柔
7825,709,1,唐,咸通覺平
7826,709,1,唐,義興勝辯
7827,709,1,唐,海陵慶雲
7828,709,1,唐,開元玄虛
7829,709,1,唐,韶州清賀
7830,709,1,唐,紫陰惟建
7831,709,1,唐,封山洪濬
7832,709,1,唐,練山神翫
7833,709,1,唐,崛山道圓
7834,709,1,唐,玉臺惟然
7835,709,1,唐,池州曇覬
7836,709,1,唐,新寺寶積
7837,709,1,唐,河中法藏
7838,709,1,唐,漢南良津
7839,709,1,唐,京兆崇
7840,709,1,唐,南嶽智周
7841,709,1,唐,白虎法宣
7842,709,1,唐,金窟惟直
7843,709,1,唐,柏巖常徹
7844,709,1,唐,乾元暉
7845,709,1,唐,齊州道巖
7846,709,1,唐,襄州常堅
7847,709,1,唐,荊南寶貞
7848,709,1,唐,雙嶺道方
7849,709,1,唐,羅浮修廣
7850,709,1,唐,峴山定慶
7851,709,1,唐,光明普滿
7852,709,1,唐,米嶺和尚
7853,709,1,唐,椑樹和尚
7854,709,1,唐,王屋行明
7855,709,1,唐,京兆智藏
7856,709,1,唐,大陽希頂
7857,709,1,唐,崑山定覺
7858,709,1,唐,隨州洪山大師
7859,709,1,唐,連州元堤
7860,677,1,唐,大明嚴峻
7861,677,1,唐,南嶽常浩
7862,677,1,唐,潮州神照
7863,677,1,唐,東霧法空
7864,677,1,唐,新羅本如
7865,677,1,唐,坦然
7866,677,1,唐,玄晟
7867,677,1,唐,智達
8240,776,1,唐,秦州智全
8241,776,1,唐,蔡州會幽
8242,776,1,唐,汴州雲表
8243,776,1,唐,洛京復儼
8244,776,1,唐,襄州宗實
8245,776,1,唐,鎮州道益
8246,776,1,唐,晉州曰建
8247,776,1,唐,潤州道光
8248,776,1,唐,潞州道威
8249,776,1,唐,磁州雲真
8250,776,1,唐,越州歸忍
8416,767,1,唐,雲蓋懷溢
8417,767,1,五代十國,道環
8418,720,1,唐,神行
8427,709,1,唐,惠雲
8428,798,1,唐,雙峰和尚
8429,778,1,唐,李匡威
8534,664,1,唐,大乘和尚
8584,722,1,唐,廬山玄雅
8585,709,1,唐,全證
8586,717,1,唐,還源
8587,638,1,唐,到次明
10546,771,1,五代十國,國寧義從
10547,771,1,北宋,國寧德儔
10548,771,1,北宋,定水慧贇
10549,771,1,北宋,法性修雅
10876,692,1,唐,體無
11005,383,1,劉宋,畺良耶舍
11007,735,1,唐,尸羅達摩
11009,598,1,唐,元康
11012,731,1,唐,勿提提羼魚
11018,731,1,唐,應真
11019,731,1,唐,道岸
11020,786,1,唐,陳邈
11021,416,1,劉宋,功德直
11022,367,1,劉宋,求那跋摩
11025,685,1,唐,李隆基
11026,416,1,南齊,玄暢
11027,624,1,唐,玄嶷
11029,614,1,唐,地婆訶羅
11034,735,1,唐,牟尼室利
11037,364,1,劉宋,佛陀什
11038,657,1,唐,佛陀波利
11041,662,1,唐,張齊賢
11042,581,1,唐,伽梵達摩
11045,590,1,唐,曷利沙伐彈那
11046,565,1,唐,李師政
11048,715,1,唐,李華
11049,657,1,唐,杜行顗
11051,394,1,劉宋,求那跋陀羅
11052,717,1,唐,良賁
11053,376,1,唐,那提
11054,337,1,東晉,卑摩羅叉
11055,247,1,東晉,帛尸梨密多羅
11056,640,1,唐,房融
11057,624,1,唐,明佺
11058,565,1,唐,波羅頗迦羅蜜多羅
11063,467,1,南梁,法雲
11064,533,1,隋,法經
11066,338,1,東晉,法顯
11067,360,1,劉宋,沮渠京聲
11070,593,1,唐,阿地瞿多
11078,557,1,隋,彥琮
11089,723,1,唐,飛錫
11094,656,1,唐,般剌蜜帝
11095,705,1,唐,般若
11101,453,1,南梁,曼陀羅仙
11102,641,1,唐,寂友
11113,641,1,唐,復禮
11114,615,1,唐,慧立
11115,641,1,唐,提雲般若
11117,581,1,唐,智通
11119,671,1,唐,智嚴
11120,613,1,唐,善導
11121,522,1,隋,費長房
11124,650,1,唐,愛同
11128,355,1,劉宋,竺道生
11129,373,1,劉宋,道泰
11130,347,1,東晉,道祖
11131,711,1,唐,道液
11132,415,1,南齊,道盛
11133,529,1,隋,達摩笈多
11134,445,1,南梁,僧祐
11135,460,1,南梁,僧伽婆羅
11138,389,1,劉宋,僧伽跋摩
11140,467,1,南梁,僧旻
11144,407,1,劉宋,僧璩
11149,722,1,唐,趙遷
11151,578,1,唐,慧淨
11152,635,1,唐,慧智
11153,737,1,唐,慧琳
11155,366,1,劉宋,慧觀
11156,718,1,唐,潛真
11159,447,1,南齊,曇景
11161,356,1,劉宋,曇摩蜜多
11167,347,1,東晉,曇諦
11169,487,1,唐,曇曠
11176,523,1,隋,闍那崛多
11177,656,1,唐,彌伽釋迦
11178,385,1,劉宋,謝靈運
11180,531,1,隋,瞿曇法智
11184,656,1,唐,懷迪
11185,601,1,唐,懷感
11187,444,1,南梁,釋寶亮
11188,613,1,唐,寶思惟
11190,456,1,南梁,寶唱
11191,503,1,隋,寶貴
11192,376,1,劉宋,寶雲
11194,350,1,劉宋,智嚴
11203,363,1,劉宋,劉裕
11225,392,2,劉宋,劉氏
11226,402,1,劉宋,蕭思話
11227,378,1,劉宋,智羽
11228,378,1,劉宋,智遠
11229,510,1,隋,圓
11230,602,1,唐,陳慧
11231,593,1,唐,長捷
11232,576,1,唐,道基
11237,787,1,唐,滿月
11238,542,1,隋,明則
11242,464,1,南梁,蕭衍
11243,624,2,唐,武曌
11244,656,1,唐,李顯
11245,787,1,唐,菩提嚩日囉
11246,787,1,唐,金剛悉地
11248,430,1,劉宋,劉駿
11249,649,1,唐,戰陀
11250,655,1,唐,伊舍羅
11251,747,1,唐,大通
11252,644,1,唐,李嶠
11253,654,1,唐,韋嗣立
11254,664,1,唐,盧藏用
11255,362,1,東晉,慧嵩
11256,377,1,東晉,道朗
11257,579,1,唐,房玄齡
11258,640,1,唐,許觀
11259,675,1,唐,楊慎交
11260,778,1,唐,李純
11270,700,1,唐,慧超
11279,640,1,唐,順貞
11280,628,1,唐,李治
11284,403,1,劉宋,劉義慶
11285,367,1,劉宋,曇宗
11286,341,1,東晉,司馬丕
11298,292,1,東晉,何充
11300,314,1,東晉,孫綽
11301,347,1,東晉,慧景
11302,350,1,東晉,道整
11303,350,1,東晉,慧應
11304,350,1,東晉,慧嵬
11305,365,1,劉宋,智猛
11307,320,1,東晉,竺法汰
11308,315,1,東晉,僧先
11309,331,1,東晉,竺僧輔
11310,285,1,東晉,竺僧敷
11311,324,1,東晉,曇翼
11314,276,1,東晉,康僧淵
11315,281,1,東晉,法雅
11317,314,1,東晉,支遁
11319,322,1,東晉,于法開
11320,307,1,東晉,竺法義
11322,316,1,東晉,法遇
11323,323,1,東晉,曇徽
11325,328,1,東晉,曇戒
11326,327,1,東晉,竺法曠
11327,327,1,東晉,竺道壹
11328,332,1,東晉,慧永
11329,357,1,東晉,僧濟
11330,356,1,東晉,法安
11333,355,1,劉宋,慧叡
11334,372,1,東晉,慧義
11335,385,1,劉宋,道淵
11336,365,1,劉宋,僧弼
11337,356,1,劉宋,慧靜
11338,354,1,劉宋,僧苞
11339,343,1,劉宋,曇鑒
11340,354,1,劉宋,慧安
11341,361,1,劉宋,曇無成
11342,381,1,劉宋,僧含
11343,383,1,劉宋,僧徹
11344,362,1,劉宋,僧導
11345,367,1,劉宋,道汪
11346,417,1,劉宋,釋慧靜
11348,398,1,劉宋,道亮
11349,373,1,劉宋,梵敏
11350,398,1,劉宋,道溫
11351,407,1,劉宋,曇斌
11352,411,1,劉宋,慧亮
11353,407,1,劉宋,僧鏡
11354,395,1,劉宋,僧瑾
11355,411,1,劉宋,道猛
11356,380,1,劉宋,超進
11357,398,1,劉宋,法珍
11358,412,1,劉宋,帛道猷
11359,415,1,劉宋,慧通
11361,390,1,南齊,曇度
11362,451,1,南齊,道慧
11363,430,1,南齊,僧鍾
11365,409,1,南齊,智林
11367,414,1,南齊,僧遠
11368,408,1,南齊,僧慧
11369,431,1,南齊,僧柔
11370,412,1,南齊,慧基
11371,429,1,南齊,慧隆
11372,438,1,南齊,僧宗
11373,454,1,南齊,法安
11374,435,1,南齊,僧印
11375,440,1,南梁,智秀
11376,431,1,南梁,慧球
11377,447,1,南梁,智順
11378,443,1,南梁,法通
11379,456,1,南梁,慧集
11381,249,1,東晉,單道開
11382,250,1,東晉,竺佛調
11387,370,1,東晉,史宗
11392,435,1,劉宋,慧安
11393,470,1,南齊,法匱
11394,402,1,南齊,僧慧
11395,400,1,南齊,慧通
11396,418,1,南梁,寶誌
11397,284,1,東晉,帛僧光
11398,285,1,東晉,竺曇猷
11401,397,1,劉宋,僧周
11404,389,1,劉宋,慧覽
11407,411,1,南齊,法晤
11408,416,1,南齊,僧審
11409,429,1,南齊,慧明
11410,376,1,劉宋,慧猷
11411,367,1,劉宋,僧業
11412,375,1,劉宋,慧詢
11413,400,1,劉宋,僧隱
11414,396,1,劉宋,道營
11415,412,1,南齊,志道
11417,404,1,南齊,釋法琳
11418,428,1,南齊,智稱
11421,335,1,劉宋,僧富
11425,364,1,劉宋,慧益
11426,437,1,劉宋,僧慶
11427,447,1,南齊,法光
11433,387,1,劉宋,法恭
11434,396,1,劉宋,僧覆
11436,411,1,劉宋,法慧
11437,412,1,南齊,僧侯
11438,440,1,南梁,慧彌
11439,447,1,南梁,道琳
11444,424,1,南齊,法獻
11448,602,1,唐,道深
11449,567,1,唐,法常
11450,582,1,唐,玄會
11451,575,1,唐,蕭瑀
11452,602,1,唐,麴文泰
11453,602,2,唐,王母
11454,602,1,唐,調伏光
11455,602,1,唐,旃達羅伐摩
11456,602,1,唐,闍那崛多
11457,602,1,唐,蜜多犀那
11458,590,1,隋,滿胄王
11459,559,1,隋,室商佉王
11461,602,1,唐,勝軍
11462,565,1,唐,師子光
11463,565,1,唐,海慧
11464,565,1,唐,智光
11465,596,1,唐,婆塞羯羅伐摩王
11466,598,1,唐,李世民
11468,583,1,唐,慧明
11469,594,1,唐,行友
11470,602,1,唐,玄模
11471,621,1,唐,蔡晃
11472,611,1,唐,成英
11473,422,1,劉宋,周顒
11474,508,1,南梁,蕭繹
11475,601,1,唐,馬周
11476,600,1,唐,高履行
11477,608,1,唐,上官儀
11479,601,2,唐,孫氏
11480,652,1,唐,李弘
11481,622,1,唐,薛元超
11482,614,1,唐,李義府
11483,573,1,唐,蕭璟
11484,578,1,唐,杜正倫
11485,588,1,唐,于志寧
11486,610,1,唐,許敬宗
11487,602,2,唐,陳氏
11488,614,1,唐,馮義
11489,641,1,唐,波崙
11490,640,1,唐,慧表
11491,659,1,唐,德感
11492,642,1,唐,神英
11493,640,1,唐,仁亮
11494,644,1,唐,大儀
11495,640,1,唐,慈訓
11496,655,1,唐,盤度
11497,652,1,唐,玄傘
11498,651,1,唐,利貞
11499,671,1,唐,崔湜
11500,657,1,唐,盧粲
11501,662,1,唐,李旦
11502,662,1,唐,達磨末磨
11503,650,1,唐,拔弩
11504,650,1,唐,達磨難陀
11505,650,1,唐,慧積
11506,650,1,唐,李釋迦
11507,650,1,唐,度頗多
11508,650,1,唐,瞿曇金剛
11509,661,1,唐,阿順
11510,650,1,唐,趙彥昭
11511,667,1,唐,張說
11512,649,1,唐,李乂
11513,631,1,唐,韋巨源
11514,639,1,唐,蘇瓌
11515,650,1,唐,李邕
11516,681,1,唐,薛崇胤
11535,276,1,東晉,王導
11536,289,1,東晉,庾亮
11537,269,1,東晉,周顗
11538,281,1,東晉,謝鯤
11539,276,1,東晉,桓彝
11540,280,1,東晉,卞壼
11541,266,1,東晉,王敦
11542,351,1,東晉,王珉
11543,321,1,東晉,司馬衍
11549,335,1,東晉,郄恢
11550,349,1,東晉,王珣
11551,348,1,東晉,僧伽羅叉
11552,378,2,東晉,張普明
11557,360,1,劉宋,顏竣
11558,386,2,劉宋,法弘
11562,295,1,東晉,達摩瞿沙
11567,283,1,東晉,沙勒王
11568,327,2,東晉,阿竭耶末帝
11571,309,1,東晉,彌窴
11598,350,1,東晉,僧鑒
11599,373,1,東晉,袁豹
11600,348,1,東晉,支法領
11601,371,1,劉宋,孟顗
11602,378,1,劉宋,褚叔度
11603,369,1,劉宋,法業
11611,392,2,劉宋,慧濬
11612,407,1,劉宋,劉義隆
11613,354,1,劉宋,道普
11619,374,1,劉宋,智勝
11620,366,1,劉宋,王練
11622,375,1,劉宋,婆多加
11623,375,1,劉宋,慧聰
11624,375,1,劉宋,法長
11625,375,1,劉宋,道沖
11626,375,1,劉宋,道俊
11628,331,1,劉宋,蔡茂之
11629,339,1,劉宋,王仲德
11630,377,1,劉宋,伊葉波羅
11631,355,2,劉宋,慧果
11632,385,2,劉宋,淨音
11633,382,1,劉宋,阿沙羅
11634,384,2,劉宋,鐵薩羅
11635,409,1,劉宋,劉義康
11636,405,2,劉宋,袁齊媯
11637,426,1,劉宋,劉劭
11638,421,2,劉宋,劉英娥
11642,392,1,劉宋,僧伽羅多
11643,386,1,劉宋,車朗
11644,384,1,劉宋,顏延之
11645,415,1,劉宋,劉義宣
11646,388,1,劉宋,王玄謨
11648,408,1,劉宋,張暢
11649,404,1,劉宋,宗靈秀
11650,421,1,劉宋,謝莊
11651,439,1,劉宋,劉彧
11652,394,1,劉宋,寶意
11653,458,1,南齊,蕭長懋
11654,460,1,南齊,蕭子良
11655,435,1,南梁,蕭順之
11656,469,1,南梁,袁曇允
11660,276,1,東晉,康法暢
11661,277,1,東晉,支敏度
11662,303,1,東晉,殷浩
11663,288,1,東晉,曇習
11665,271,1,東晉,令韶
11666,254,1,東晉,劉元真
11667,276,1,東晉,司馬睿
11668,299,1,東晉,司馬紹
11669,312,1,東晉,劉惔
11670,291,1,東晉,高麗
11671,362,1,東晉,司馬曜
11672,304,1,東晉,竺法蘊
11673,302,1,東晉,康法識
11674,323,1,東晉,竺法濟
11675,309,1,東晉,王濛
11678,319,1,東晉,謝安
11679,323,1,東晉,王洽
11680,262,1,東晉,許詢
11681,336,1,東晉,郗超
11683,314,1,東晉,劉系之
11684,303,1,東晉,王羲之
11685,317,1,東晉,蔡子叔
11686,326,1,東晉,戴逵
11689,344,1,東晉,司馬聃
11690,324,2,東晉,褚蒜子
11691,324,1,東晉,何默
11692,314,1,東晉,于法威
11693,331,1,東晉,謝敷
11695,291,1,東晉,孔敷
11696,374,1,東晉,傅亮
11697,331,1,東晉,曇爽
11700,338,1,東晉,竺慧超
11701,357,1,東晉,周續之
11702,300,1,東晉,支曇講
11703,299,1,東晉,道護
11704,314,1,東晉,盧歆
11705,314,1,東晉,敏見
11707,305,1,東晉,石尊
11710,320,1,東晉,桓豁
11711,294,1,東晉,朱序
11712,324,1,東晉,楊弘忠
11713,284,1,東晉,習鑿齒
11718,327,1,東晉,謝石
11719,343,1,東晉,謝玄
11720,291,1,東晉,王嘉
11726,358,1,東晉,支僧敦
11729,312,1,東晉,桓溫
11730,320,1,東晉,司馬昱
11731,336,1,東晉,司馬綜
11734,306,1,東晉,毛璩
11735,285,1,東晉,騰含
11736,300,1,東晉,僧衛
11737,300,1,東晉,殷仲堪
11738,356,1,東晉,阮保
11739,328,1,東晉,卓潛
11740,355,1,東晉,司馬寶
11741,348,1,東晉,智生
11742,327,1,東晉,竺曇印
11743,322,1,東晉,曲安遠
11744,327,1,東晉,竺道隣
11745,297,1,東晉,令狐氏
11746,312,1,東晉,桓伊
11749,352,1,東晉,劉遺民
11750,386,1,劉宋,雷次宗
11751,353,1,東晉,畢頴之
11752,375,1,劉宋,宗炳
11753,350,1,東晉,張野
11754,359,1,劉宋,張詮
11755,354,1,東晉,慧寶
11756,360,1,東晉,王謐
11757,347,1,東晉,王默
11758,312,1,東晉,盧循
11759,334,1,東晉,盧瑕
11760,343,1,東晉,法淨
11762,296,1,東晉,庾氷
11763,382,1,東晉,司馬安德
11764,351,1,東晉,何無忌
11765,305,2,東晉,道儀
11766,339,1,東晉,范寧
11767,349,1,東晉,王恭
11768,343,1,東晉,僧檢
11769,306,1,東晉,慧巖
11770,350,1,東晉,僧恭
11771,314,1,東晉,譙縱
11772,351,1,東晉,譙道福
11773,363,1,東晉,道泓
11774,363,1,東晉,曇蘭
11775,294,1,東晉,竺曇現
11776,308,1,東晉,陶範
11777,351,1,東晉,曇果
11778,305,1,東晉,支法齊
11779,341,1,東晉,慧要
11780,347,1,東晉,曇順
11781,361,1,東晉,曇詵
11782,334,1,東晉,劉遵
11785,379,1,劉宋,王弘
11786,355,1,劉宋,范泰
11787,374,1,劉宋,寶林
11788,374,1,劉宋,法寶
11789,420,1,南梁,慧生
11790,376,1,劉宋,蕭摹之
11791,382,1,劉宋,何尚之
11792,371,1,劉宋,羊玄保
11793,292,1,東晉,何準
11795,370,1,劉宋,何承天
11797,423,1,東晉,王僧達
11798,385,1,劉宋,僧馥
11799,369,2,劉宋,劉伯姒
11800,364,1,劉宋,徐羡之
11801,337,1,劉宋,檀道濟
11802,380,1,劉宋,范晏
11803,398,1,劉宋,范曄
11804,375,1,劉宋,僧叡
11805,385,1,劉宋,慧琳
11806,358,1,劉宋,法朗
11807,354,1,劉宋,曇幹
11808,354,1,劉宋,定
11809,371,1,劉宋,法和
11811,400,1,劉宋,張敷
11812,378,1,劉宋,戴顒
11813,319,1,劉宋,戴勃
11814,358,1,劉宋,董功曹
11815,343,1,劉宋,竺道祖
11816,354,1,劉宋,僧願
11817,412,1,劉宋,張辯
11818,354,1,劉宋,波沙那
11819,364,1,劉宋,曇冏
11820,381,1,劉宋,陶仲祖
11821,345,1,東晉,康肜
11822,346,2,劉宋,黃氏
11823,407,1,劉宋,劉義真
11825,385,1,劉宋,僧因
11826,398,1,劉宋,僧威
11827,368,1,劉宋,僧音
11828,404,1,劉宋,費文淵
11829,400,1,劉宋,申坦
11830,371,1,劉宋,張悅
11831,392,1,劉宋,劉思考
11832,408,1,劉宋,王景茂
11833,423,1,劉宋,蕭惠開
11836,373,1,劉宋,劉亮
11841,404,1,劉宋,靜林
11842,404,1,劉宋,慧隆
11843,410,1,劉宋,張永
11844,438,1,南齊,劉虬
11845,379,1,劉宋,呂道慧
11846,379,1,劉宋,僧籥
11847,355,1,劉宋,張邵
11848,412,2,劉宋,路惠男
11849,408,1,劉宋,僧慶
11850,408,1,劉宋,慧定
11851,417,1,劉宋,僧嵩
11852,358,1,劉宋,道禕
11853,378,1,劉宋,袁粲
11854,404,1,劉宋,巢尚介
11855,452,1,劉宋,劉景素
11856,411,1,劉宋,曇濟
11857,424,1,劉宋,曇宗
11859,410,1,劉宋,徐湛之
11860,407,1,劉宋,道流
11862,355,1,劉宋,曇因
11863,456,1,劉宋,劉子勛
11864,421,1,劉宋,殷洪
11865,371,1,劉宋,曇度
11866,429,1,南齊,玄運
11867,444,1,劉宋,張融
11870,397,1,劉宋,沈演之
11874,445,1,劉宋,劉休茂
11875,364,1,南齊,僧嵩
11876,387,1,南齊,劉因之
11877,422,1,南齊,慧記
11879,384,1,南齊,褚澄
11880,384,1,南齊,謝超宗
11881,424,1,南齊,玄趣
11882,430,1,南齊,僧達
11884,440,1,南齊,蕭賾
11885,422,1,南齊,曇纖
11886,422,1,南齊,僧最
11887,422,1,南齊,敏達
11888,422,1,南齊,僧寶
11889,427,1,南齊,蕭道成
11890,442,1,南齊,沈文季
11891,406,1,南齊,陸修靜
11892,403,1,劉宋,劉義恭
11895,400,1,南齊,法愛 
11896,364,1,南齊,竺慧開
11897,382,1,劉宋,庾登之
11898,431,1,劉宋,劉鑠
11899,451,1,劉宋,劉子尚
11900,413,1,劉宋,王彧
11901,452,1,南齊,王儉
11902,434,1,南齊,法常
11903,400,1,劉宋,智興
11904,388,1,南齊,傅琰
11905,444,1,南齊,蕭嶷
11906,458,1,南齊,蕭映
11907,382,1,南齊,道慧
11908,395,1,南齊,玄紹
11909,456,1,劉宋,劉子鸞
11910,363,1,劉宋,殷淑儀
11911,413,1,南齊,顯亮
11912,404,1,南梁,何點
11913,384,1,南齊,明僧紹
11914,417,1,南齊,吳苞
11917,390,1,南齊,弘稱
11919,450,1,南梁,僧紹
11921,451,1,南齊,慧熙
11922,434,1,南齊,劉瓛
11923,446,1,南梁,何胤
11925,447,1,南齊,道恢
11926,447,1,南齊,慧深
11927,447,1,南齊,法洪
11928,389,1,南齊,志欽
11929,458,1,南梁,智藏
11930,434,1,南齊,僧寶
11931,434,1,南齊,僧智
11937,439,1,南齊,智誕
11938,429,1,南齊,僧辯
11939,429,1,南齊,僧賢
11940,429,1,南齊,道慧
11941,429,1,南齊,法度
11943,445,1,南齊,法身
11944,442,1,南齊,法真
11950,411,1,南齊,慧光
11951,426,1,南齊,王僧虔
11952,454,1,南齊,攸公
11953,458,1,南齊,劉繪
11955,453,1,南齊,徐孝嗣
11957,435,1,南齊,法紹
11958,468,1,南齊,蕭遙光
11959,469,1,南梁,慧開
11960,459,1,南梁,法開
11961,451,1,南梁,僧若
11962,453,1,南梁,道乘
11963,445,1,南梁,僧璿
11964,397,1,南梁,道馨
11965,431,1,南梁,慧度
11968,453,1,南梁,僧護
11969,447,1,南梁,僧韶
11970,412,1,南梁,智度
11971,470,1,南齊,徐緄
11972,458,1,南梁,曇和
11973,461,1,南梁,袁昂
11974,398,1,劉宋,道明
11975,434,1,南齊,僧成
11976,449,1,南梁,謝舉
11977,459,1,南梁,陸杲
11978,481,1,南梁,張孝秀
11979,463,1,南梁,曇智
11980,463,1,南梁,靜深
11981,420,1,南梁,蕭元簡
11982,469,1,南梁,周捨
11988,233,1,東晉,法首
11996,286,1,東晉,法常
11997,286,1,東晉,法佐
11998,288,1,東晉,僧慧
12000,286,1,東晉,道進
12003,233,1,東晉,須菩提
12018,369,1,東晉,檀祗
12019,370,1,東晉,謝邵
12020,370,1,東晉,魏邁之
12021,365,1,東晉,陶潛
12022,322,1,東晉,劉興伯
12023,322,1,東晉,黃欣
12024,322,1,東晉,朱文殊
12025,322,1,東晉,僧佉吒
12026,322,1,東晉,僧悟
12027,322,1,東晉,張奴
12029,322,1,東晉,庾常
12031,303,1,東晉,孫恩
12033,349,2,東晉,胡母氏
12034,349,1,東晉,僧聰道人
12035,378,1,劉宋,邵信
12036,322,1,東晉,杜僧哀
12039,397,1,劉宋,王胡
12043,368,1,東晉,法進
12047,400,1,劉宋,沈仲玉
12048,436,1,劉宋,慧濟
12049,470,1,劉宋,法楷
12050,435,1,南齊,王奐
12051,464,1,南齊,王肅
12052,470,1,南齊,塵勝
12053,402,1,南齊,車曇
12054,394,1,南齊,劉景蕤
12057,416,1,南齊,僧歸
12058,432,2,南齊,惠緒
12059,375,1,劉宋,僧儉
12061,444,1,南齊,殷齊之
12062,427,1,南齊,陳顯達
12063,435,1,南齊,桑偃
12064,476,1,南梁,蕭恢
12065,418,1,南梁,陳御虜
12066,466,1,南梁,吳慶
12067,427,1,南梁,陸倕
12068,418,1,南梁,徐捷道
12090,378,1,劉宋,達摩比丘
12092,397,1,劉宋,法林
12095,411,1,劉宋,阮晦
12096,416,1,南齊,慧高
12098,430,1,南齊,蕭赤斧
12099,435,1,南齊,王敬則
12100,392,1,劉宋,慧光
12101,449,1,劉宋,劉子業
12102,417,1,劉宋,道表
12103,470,1,劉宋,劉燮
12104,400,1,劉宋,慧徹
12105,445,1,劉宋,劉休祐
12106,414,1,劉宋,張岱
12107,448,1,劉宋,劉休若
12108,414,1,劉宋,成具
12109,415,1,劉宋,蔡興宗
12110,430,1,南齊,慧祐
12111,379,1,劉宋,法香
12112,399,1,劉宋,法力
12113,430,1,南齊,慧文
12114,404,1,南齊,印
12115,417,1,南齊,僧志
12116,417,1,南齊,慧始
12117,451,1,南齊,僧辯
12118,439,1,南齊,聰
12119,439,1,南齊,超
12120,400,1,南齊,僧範
12121,445,1,南梁,慧廓
12122,473,1,南梁,蕭宏
12123,476,1,南梁,蕭偉
12124,445,2,南梁,蕭玉嬛
12125,486,1,南梁,丁令光
12126,469,1,南梁,正度
12131,335,1,劉宋,山霸
12141,343,1,東晉,竺僧法
12142,365,1,東晉,司馬道子
12147,415,1,劉宋,劉義季
12148,353,1,東晉,曇亮
12149,434,1,南齊,僧念
12150,519,1,陳,江總
12151,414,1,南齊,董氏
12153,323,1,東晉,董宗之
12156,347,1,東晉,楊法尚
12157,347,1,東晉,李緒
12160,368,1,東晉,曇學
12161,368,1,劉宋,韶相
12162,368,1,劉宋,灌蒨
12163,355,1,劉宋,張寅
12164,467,1,南齊,王融
12165,420,1,南齊,玄暢
12166,441,1,南梁,沈約
12168,460,1,南梁,蔣孝孫
12173,417,1,劉宋,道詮
12174,384,1,南齊,曇遷
12175,394,1,劉宋,王曇首
12176,394,1,劉宋,徐爰
12177,409,1,南齊,曇智
12178,446,1,南梁,智欣
12179,394,1,南齊,僧辯
12180,441,1,南齊,普智
12181,441,1,南齊,道興
12182,395,1,南齊,慧忍
12183,441,1,南齊,超勝
12184,427,1,南齊,慧滿
12185,427,1,南齊,僧業
12186,427,1,南齊,僧尚
12187,427,1,南齊,超朗
12188,427,1,南齊,僧期
12189,427,1,南齊,超猷
12190,427,1,南齊,慧旭
12191,427,1,南齊,法律
12192,427,1,南齊,曇慧
12193,427,1,南齊,僧胤
12194,427,1,南齊,慧彖
12195,427,1,南齊,法慈
12196,435,1,南梁,慧超
12197,388,1,劉宋,道照
12198,370,1,劉宋,劉道規
12199,388,1,劉宋,慧明
12200,389,1,劉宋,曇頴
12201,392,1,劉宋,慧璩
12202,375,1,劉宋,臧質
12203,407,1,劉宋,曇光
12204,436,1,劉宋,劉昶
12205,407,1,南齊,慧芬
12206,410,1,南齊,道儒
12207,422,1,劉宋,劉瑾
12208,385,1,南齊,廬氏
12209,397,1,劉宋,伯仲孫
12210,414,1,南齊,法願
12212,386,1,南齊,沈慶之
12213,370,1,劉宋,佼長生
12214,437,1,南齊,法鏡
12215,455,1,南梁,蕭懿
12235,773,1,唐,柳宗元
12242,699,1,唐,王維
12248,456,1,南齊,顧道曠
12249,691,1,唐,寒山
12250,456,1,南梁,呂僧智
12252,675,2,唐,夏侯氏
12253,607,1,唐,玄璧
12256,742,1,唐,李适
12257,457,1,南梁,僧智
12258,490,2,南梁,僧法
12260,379,1,南梁,虞孝敬
12265,486,1,南梁,張氾
12266,499,1,南梁,留陀跋摩王
12267,501,1,南梁,陸元哲
12268,504,1,陳,寶瓊
12269,479,1,南梁,侯景
12270,503,1,南梁,願禪師
12271,492,1,南梁,蕭勃
12272,514,1,陳,法准
12274,498,1,陳,歐陽頠
12275,538,1,陳,歐陽紇
12276,554,1,陳,陳伯宗
12277,530,1,陳,陳頊
12278,489,1,陳,公孫騰
12279,516,1,陳,智昕
12280,518,1,陳,黃法抃
12281,516,1,陳,惠恭
12283,523,1,隋,跋闍邏婆囉
12286,541,1,隋,楊堅
12287,776,1,唐,李訓
12288,781,1,唐,仇士良
12289,772,1,唐,賈餗
12290,764,1,唐,王涯
12291,791,1,唐,舒元輿
12292,782,1,唐,魚弘志
12296,576,1,唐,寶暹
12297,514,1,隋,僧曇
12298,533,1,隋,高天奴
12299,533,1,隋,高和仁
12300,532,1,隋,毘舍達
12301,532,1,隋,若那竭多
12302,544,1,隋,宇文逌
12303,758,1,唐,李吉甫
12304,746,1,唐,高崇文
12305,746,1,唐,嚴綬
12306,752,1,唐,靈邃
12307,420,1,南梁,僧朗
12308,761,1,唐,李誦
12309,795,1,唐,李恆
12311,529,1,隋,僧休
12312,525,1,隋,法纂
12313,503,1,陳,陳霸先
12314,509,1,陳,慧忍
12315,535,1,隋,法粲
12316,522,1,陳,明勇
12317,533,1,陳,禪定
12318,533,1,陳,日嚴
12319,529,1,隋,佛馱笈多
12320,529,1,隋,舊拏達多
12321,529,1,隋,普照
12322,529,1,隋,吒迦國王
12323,523,1,陳,道師
12324,523,1,陳,緣師
12325,523,1,陳,法明
12326,523,1,陳,希
12327,523,1,陳,堅
12328,569,1,隋,楊廣
12329,519,1,陳,響
12330,545,1,隋,李元操
12333,546,1,隋,元行恭
12337,509,1,隋,陽休之
12338,555,1,隋,宇文愷
12340,549,1,隋,王劭
12342,553,1,隋,陸開明
12344,548,1,隋,陸彥師
12345,540,1,隋,薛道衡
12346,548,1,隋,劉善經
12347,548,1,隋,孫萬壽
12348,534,1,唐,蘇威
12350,534,1,隋,何妥
12354,570,1,隋,楊俊
12355,575,1,隋,楊諒
12356,547,1,唐,裴矩
12364,453,1,南齊,蕭照胄
12365,451,1,南梁,法寵
12368,467,1,南梁,張充
12370,523,1,陳,跋摩利
12372,523,1,陳,慧哿
12373,523,1,陳,劉璋
12374,464,1,南齊,謝朓
12375,483,1,南梁,蕭昂
12377,484,1,南梁,何思澄
12378,523,1,陳,璣
12379,523,1,陳,曉禪師
12380,523,1,陳,山
12381,523,1,陳,瞰
12382,523,1,陳,王仲宣
12383,452,1,南梁,陶弘景
12385,507,1,南梁,徐子彥
12386,478,1,南梁,彖
12387,505,1,南梁,仙師
12388,507,1,南梁,靖公
12389,515,1,陳,慧勇
12393,553,1,隋,陳叔寶
12394,509,2,隋,沈婺華
12395,531,1,隋,恭禪師
12396,529,1,隋,僧粲
12398,585,1,隋,楊暕
12399,553,1,唐,僧鸞
12400,559,1,唐,僧鳳
12402,532,1,陳,陳伯謀
12403,551,1,唐,曇獻
12405,566,1,唐,李淵
12406,603,1,唐,李元吉
12407,590,1,唐,靈潤
12408,557,1,唐,靈粲
12409,576,1,隋,道奘
12410,535,1,隋,志念
12411,569,1,唐,空藏
12412,564,1,唐,慧璡
12413,573,1,唐,智信
12414,573,1,隋,智光
12416,559,1,唐,慧定
12417,571,1,唐,志超
12419,590,1,唐,淨元
12421,590,1,唐,智衍
12422,590,1,唐,法御
12429,524,1,隋,僧深
12431,547,1,唐,慧暠
12432,512,1,陳,吳明徹
12437,540,1,隋,明芬
12438,520,1,隋,李道寶
12439,539,1,隋,法緒
12440,519,1,隋,靈藏
12445,507,1,陳,徐陵
12446,516,1,陳,毛喜
12449,508,1,陳,警韶
12450,492,1,陳,慧榮
12451,482,1,南梁,定光
12452,513,1,陳,陳伯茂
12453,534,1,陳,袁子雄
12454,544,1,陳,陳伯智
12455,508,1,隋,陳暄
12456,553,1,陳,瓘闍梨
12459,709,1,唐,顏真卿
12464,559,1,隋,柳䛒
12466,568,2,唐,蕭氏
12468,561,1,隋,慧拯
12469,565,1,隋,王弘
12470,565,1,隋,張乾威
12473,561,1,隋,光英
12475,571,1,唐,法宣
12476,536,1,隋,慧瓚
12478,594,1,唐,道綦
12479,594,1,唐,道憑
12480,594,1,唐,蕭元善
12481,594,1,唐,顯
12482,582,1,唐,李修本
12483,579,1,唐,韋挺
12484,565,1,隋,跋摩
12485,565,1,隋,因陀羅
12486,565,1,隋,般若
12487,565,1,唐,李道立
12488,554,1,陳,亘
12490,583,1,唐,統葉護
12491,585,1,唐,崔義玄
12492,555,1,唐,慧乘
12493,576,1,唐,玄謨
12494,580,1,唐,慧賾
12495,456,1,南梁,法超
12496,565,1,唐,李百藥
12497,618,1,唐,李承乾
12509,555,1,唐,傅奕
12510,558,1,唐,虞世南
12511,572,1,唐,李仲卿
12512,570,1,唐,劉進喜
12513,585,1,唐,秦世英
12514,584,1,唐,韋悰
12515,571,1,唐,慧序
12518,463,1,南梁,明達
12519,442,1,陳,慧明
12520,523,1,陳,陳蒨
12521,580,1,隋,隱
12522,580,1,隋,元壽
12523,560,1,唐,褚亮
12524,578,1,隋,房徽遠
12525,578,1,隋,楊宏
12526,578,1,隋,于永通
12527,569,1,唐,庾初孫
12528,572,1,唐,清禪
12529,584,1,唐,蔡子晃
12530,578,1,唐,劉孝孫
12534,578,1,唐,韋山甫
12535,574,1,唐,辛諝
12536,430,1,南梁,法申
12537,392,1,南梁,法亮
12538,439,1,南梁,法護
12539,448,1,南齊,阮韜
12540,495,1,南梁,智遠
12541,425,1,南齊,陸澄
12542,438,1,劉宋,陸惠曉
12543,451,1,南齊,王斌
12544,451,1,南梁,僧令
12547,465,1,南齊,僧遷
12548,468,1,南梁,蕭昺
12549,464,1,南梁,慧詡
12550,467,1,南齊,法調
12551,501,1,南梁,蕭統
12552,450,1,南梁,范縝
12554,476,1,南梁,慧澄
12555,497,1,南梁,蕭象
12556,476,1,南齊,道達
12557,478,1,南梁,慧略
12558,478,1,南梁,慧武
12559,478,1,南梁,法生
12561,458,1,南梁,弘宗
12562,459,1,南梁,慎
12564,461,1,南梁,劉混
12565,509,1,南梁,殷鈞
12566,435,1,南齊,褚淵
12567,452,1,南齊,樓幼瑜
12568,455,1,南梁,慧韶
12570,496,1,南梁,僧綽
12571,508,1,南梁,蕭紀
12579,433,1,南梁,僧密
12580,439,1,南齊,蕭晃
12581,439,1,南梁,智深
12583,475,1,南齊,道超
12587,475,1,南梁,張率
12588,467,1,南梁,僧喬
12589,466,1,南梁,僧整
12590,466,1,南梁,寶淵
12591,466,1,南梁,慧濟
12593,407,1,劉宋,謝惠連
12594,457,1,南梁,曇雋
12595,451,1,南齊,王慈
12596,453,1,南梁,江革
12597,466,1,南梁,明徹
12598,463,1,南齊,蕭穎冑
12602,464,1,南梁,丘遲
12606,473,1,南梁,僧建
12612,483,1,南梁,僧詢
12613,443,1,南梁,明山賓
12615,499,1,南梁,王錫
12618,495,1,南梁,何敬容
12625,475,1,南梁,惠超
12626,475,1,南梁,慧景
12628,476,1,南梁,蕭秀
12631,676,1,唐,蘇晉
12633,504,1,陳,洪偃
12635,503,1,南梁,蕭綱
12636,504,1,南梁,蕭韶
12638,515,1,南梁,峰
12641,488,1,南梁,僧達
12642,496,1,陳,周弘正
12643,509,1,隋,智文
12644,516,1,南梁,慧命
12645,533,1,隋,普光
12646,533,1,隋,道莊
12647,543,1,隋,明解
12648,526,1,隋,陳叔慎
12649,508,1,南齊,僧廣
12650,508,1,南梁,道林
12651,503,1,南梁,黃司空
12652,508,1,南梁,慧藻
12653,507,1,陳,安廩
12655,521,1,陳,兌
12657,521,1,隋,僧琨
12666,653,1,唐,豐干
12670,518,1,隋,靈裕
12679,516,1,隋,薛
12681,543,1,隋,童真
12682,549,1,隋,通幽
12683,527,1,隋,覺朗
12684,563,1,唐,玄琬
12685,547,1,隋,洪義
12686,541,1,隋,齊樹提
12687,523,1,隋,僧思
12688,523,1,隋,湛
12689,509,1,隋,順都
12690,523,1,隋,大隱
12691,523,1,隋,千金公
12692,545,1,隋,虞世基
12693,523,1,隋,智猛
12696,411,1,南梁,智方
12697,411,1,南梁,輪
12698,594,1,隋,羅雲
12699,594,1,陳,亘
12700,594,1,南梁,陟
12701,580,1,隋,蕭子寶
12702,594,1,隋,俞
12703,587,1,唐,朱粲
12704,599,1,唐,岑文本
12705,594,1,隋,道顒
12706,594,1,隋,道勝
12707,594,1,隋,慧成
12708,525,1,隋,法安
12709,525,1,隋,成
12710,539,1,隋,慧哲
12711,548,1,隋,慧楞
12712,571,1,唐,慧璿
12713,548,1,隋,法同
12714,548,1,隋,智嵩
12715,548,1,隋,惠品
12716,545,1,隋,惠嚮
12717,565,1,隋,洪哲
12718,515,1,南齊,周韶
12719,515,1,南梁,周覆
12720,515,1,南梁,詡
12721,515,1,南梁,舒
12722,509,1,陳,侯
12723,515,1,陳,寶持
12724,515,1,陳,任忠
12725,528,1,隋,智瑜
12726,537,1,隋,慧弼
12730,537,1,陳,領
12731,537,1,陳,哲
12732,538,1,隋,眞觀
12733,537,1,隋,慧方
12743,518,1,隋,樊叔略
12744,542,1,隋,高頴
12745,544,1,隋,虞慶則
12746,544,1,隋,賀若弼
12747,543,2,隋,獨孤伽羅
12748,546,1,隋,薛胄
12749,602,1,唐,杜拉巴瓦爾達納
12750,523,1,隋,慧藏
12752,536,1,隋,智穩
12753,534,1,隋,僧朗
12754,546,1,隋,法彥
12755,541,1,隋,智脫
12756,541,1,南齊,蔡平
12757,541,1,南梁,蔡遠珍
12758,541,1,南梁,頴
12759,543,1,陳,陳伯山
12760,545,1,陳,王克
12761,545,1,陳,王固
12762,541,1,隋,崔君德
12763,541,1,隋,智翔
12764,541,1,隋,智僔
12765,549,1,隋,惠畟
12766,552,1,隋,張衡
12767,534,1,隋,法澄
12768,536,1,隋,法論
12769,596,1,唐,毘耶犀那
12770,537,1,隋,靖融
12774,525,1,隋,袁憲
12775,525,1,隋,蔡凝
12776,529,1,隋,乞伏慧
12779,569,1,隋,靖玄
12780,584,1,隋,楊昭
12781,569,1,隋,慧嚴
12782,540,1,隋,智閏
12783,539,1,隋,辯
12784,538,1,隋,智聚
12785,538,1,南梁,胤
12786,538,1,南梁,顧希憑
12787,538,1,南梁,謝峻岳
12788,540,1,陳,陳伯周
12789,540,1,陳,陳叔齊
12790,538,1,隋,劉
12791,538,1,隋,道恭
12792,538,1,隋,道順
12793,534,1,隋,慧曠
12794,534,1,南梁,曹亮宗
12797,544,1,隋,智琳
12798,544,1,南梁,閭丘儼
12801,532,1,隋,蕭摩訶
12802,544,1,隋,李海游
12803,544,1,隋,劉正勸
12804,544,1,隋,智鏗
12805,548,1,隋,淨願
12808,544,1,隋,釋��淵
12809,572,1,唐,鄭善果
12810,544,1,隋,法總
12811,570,1,唐,行等
12812,490,1,隋,法瓚
12813,490,1,隋,慧最
12814,596,1,唐,摩揭陀國王
12815,464,1,南齊,僧溫
12822,535,1,隋,志湛
12825,536,1,隋,法懿
12826,536,1,隋,懷正
12827,536,1,隋,道深
12828,536,1,隋,圓粲
12829,536,1,隋,慧凝
12830,536,1,隋,道照
12831,536,1,隋,明儒
12832,536,1,隋,圓常
12833,555,1,隋,王頗
12834,535,1,隋,明空
12835,573,1,唐,道傑
12836,572,1,唐,神素
12837,558,1,隋,寶超
12838,558,1,隋,靜觀
12839,558,1,隋,僧藏
12840,558,1,隋,智起
12841,560,1,隋,法楞
12842,558,1,隋,圓經
12843,559,1,唐,十力
12844,558,1,隋,法景
12845,558,1,隋,慧達
12846,558,1,隋,法達
12847,535,1,隋,智矩
12848,535,1,隋,郭演
12849,557,1,隋,慧感
12850,550,1,隋,慧海
12851,541,1,隋,辯義
12852,541,1,隋,曇散
12853,554,1,唐,曇恭
12854,554,1,隋,道撫
12855,554,1,隋,賾淨
12856,529,1,隋,智命
12857,541,1,隋,智耀
12858,547,1,隋,明舜
12859,547,1,隋,慧相
12862,563,1,唐,道宗
12863,548,1,唐,普曠
12865,543,1,唐,保恭
12866,543,1,隋,崔超道
12868,543,1,隋,徹
12870,551,1,唐,道撫
12871,501,1,隋,慧隆
12872,508,1,南梁,何翦
12873,504,1,南梁,何嶷
12874,501,1,陳,慧舒
12875,501,1,陳,蔣規
12876,501,1,陳,礭
12884,554,1,隋,慧覺
12885,534,1,陳,陳伯恭
12886,534,1,陳,孫瑒
12887,532,1,陳,傅縡
12888,551,1,唐,智騫
12889,532,1,隋,李世師
12891,564,1,隋,淨範
12892,535,1,隋,海玉
12893,535,1,隋,靈辯
12894,555,1,隋,敬脫
12895,562,1,隋,段文操
12896,550,1,唐,善胄
12897,573,1,隋,楊秀
12898,550,1,唐,慧威
12900,553,1,唐,寶襲
12901,610,1,唐,補羅稽舍王
12902,553,1,唐,明洪
12903,531,1,唐,慧覺
12904,528,1,唐,智琚
12905,528,1,南梁,李褘
12907,528,1,唐,丘明衍
12908,528,1,唐,譽
12909,528,1,唐,雅
12910,566,1,唐,道慶
12912,539,1,唐,慧因
12913,602,1,唐,婆羅門
12914,539,1,唐,法仁
12915,539,1,南梁,干寶
12916,539,1,南梁,于元顯
12918,534,1,陳,智瓘
12919,576,1,唐,蕭鈞
12920,566,1,隋,小明
12921,571,1,唐,靜藏
12923,571,1,唐,宇文明達
12924,571,1,隋,王德仁
12925,568,1,唐,宇文世壽
12926,571,1,唐,道刪
12927,532,1,唐,圓光
12929,553,1,隋,圓安
12930,589,1,唐,海順
12931,553,1,隋,道遜
12932,571,1,唐,慧本
12933,295,1,東晉,康昕
12934,567,1,唐,曇藏
12938,455,1,南梁,蕭軌
12939,507,1,陳,蕭長
12940,573,1,唐,法位
12941,559,1,唐,明贍
12942,570,1,隋,孟暠
12943,570,1,隋,西門義
12944,570,1,唐,孟紹
12945,570,1,唐,孟續
12946,570,1,唐,孟績
12947,570,1,唐,明曠
12948,375,1,劉宋,法勇
12949,550,1,隋,慧安
12950,567,1,唐,宗
12951,572,1,唐,孟明略
12952,602,1,唐,智證
12955,569,1,唐,神照
12956,569,1,唐,尉明智
12957,569,1,唐,空
12958,573,1,唐,真瑩
12959,573,1,隋,何記
12960,573,1,隋,奘寂
12961,573,1,隋,安藝
12962,573,1,隋,魏
12963,573,1,唐,眞慧
12964,573,1,唐,樊綽
12965,566,1,唐,志寬
12966,576,1,唐,法護
12968,576,1,隋,趙恒
12969,576,1,隋,崔汪
12973,559,1,唐,慧壁
12974,559,1,唐,巖
12975,564,1,唐,智琰
12976,564,1,南梁,朱獻
12977,564,1,陳,朱珉
12978,564,1,陳,璩
12979,564,1,陳,持
12980,564,1,陳,延
12981,543,1,陳,智㬭
12982,561,1,唐,李世嘉
12983,554,1,陳,道安
12984,571,1,唐,智峯
12985,576,1,唐,慧景
12987,556,1,唐,道愻
12988,561,1,唐,道謙
12989,564,1,陳,張正見
12990,554,1,唐,道宗
12991,555,1,唐,竇軌
12992,566,1,唐,三慧
12993,566,1,唐,段綸
12994,564,1,唐,慧頵
12995,564,1,隋,明智
12996,566,1,隋,劉權
12997,564,1,隋,智䂮
12998,564,1,隋,智猛
12999,564,1,隋,道願
13000,565,1,隋,法濟
13001,564,1,唐,惠儀
13002,403,2,東晉,白
13003,564,1,唐,陳士綽
13004,564,1,唐,智奘
13005,564,1,唐,法韶
13006,568,1,唐,法恭
13007,568,1,唐,寵
13008,559,1,唐,智正
13009,559,1,唐,智現
13010,576,1,唐,慧稜
13011,576,1,唐,誕
13012,573,1,唐,李惲
13013,576,1,唐,昶
13014,576,1,唐,寶度
13015,573,1,唐,智拔
13016,573,1,唐,張英
13019,575,1,唐,慧持
13020,575,1,隋,滿
13021,575,1,唐,莊
13022,577,1,唐,實
13023,555,1,唐,智凱
13024,579,1,唐,法敏
13025,579,1,隋,英
13026,571,1,隋,圓
13027,539,1,唐,慧眺
13028,539,1,隋,汰
13030,565,1,唐,靈睿
13031,565,1,唐,智勝
13032,573,1,唐,印
13033,565,1,唐,騫
13034,576,1,唐,慈藏
13035,567,1,唐,德遜
13036,560,1,唐,智徽
13037,569,1,唐,張亮
13038,553,1,唐,玄鑒
13039,553,1,唐,長孫義
13040,553,1,唐,李遷
13041,562,1,唐,振
13042,548,1,唐,勗律師
13043,566,1,唐,張遜
13044,574,1,隋,尹曜
13045,594,1,唐,徐世勣
13046,619,1,唐,義褒
13047,564,1,陳,曠
13048,614,1,唐,李榮
13049,483,1,南梁,蕭淵藻
13051,470,1,南梁,何規
13052,464,2,南梁,蕭玉姚
13053,457,1,南梁,慧初
13054,442,1,南梁,智顒
13056,566,1,唐,寶通
13057,566,1,隋,楊玄感
13060,468,1,南梁,法聰
13061,474,1,南梁,徐摛
13066,496,1,南梁,法京
13067,495,1,南梁,蕭正立
13068,495,1,南梁,道會
13069,521,1,陳,蕭濟
13072,496,1,南梁,智淵
13073,519,1,南梁,蕭詧
13074,496,1,陳,法泰
13075,496,1,陳,遠志
13078,520,1,隋,曇詢
13080,515,1,南梁,僧景
13082,513,1,陳,僧瑋
13083,496,1,陳,曇瑗
13084,513,1,陳,鳳
13086,491,1,隋,曇相
13087,546,1,隋,道正
13088,546,1,隋,方
13089,520,1,隋,曇准
13090,531,1,隋,靜林
13091,542,1,隋,道願
13092,540,1,隋,信行
13093,540,1,隋,裴玄證
13094,490,1,隋,慧意
13096,490,1,隋,慧興
13097,542,1,隋,法永
13098,542,1,隋,全
13099,533,1,隋,慧方
13100,531,1,南梁,恩光
13101,531,1,南梁,先路
13102,515,1,隋,曇崇
13111,510,1,隋,慧越
13112,539,1,隋,王延壽
13113,514,1,隋,僧善
13114,533,1,隋,智舜
13115,555,1,唐,惠方
13116,578,1,唐,僧襲
13117,515,1,隋,慧
13118,541,1,隋,鄭係伯
13119,541,1,隋,楊神貴
13120,562,1,隋,波若
13121,562,1,隋,同意
13125,539,1,陳,智晃
13126,543,1,陳,張機
13127,543,1,隋,萬緒
13128,543,1,隋,張坦
13129,535,1,隋,寶鎮
13130,546,1,隋,王端
13131,542,1,隋,劉子平
13132,542,1,隋,仇岳
13133,519,1,隋,僧淵
13134,534,1,隋,毅
13135,569,1,隋,真慧
13136,569,1,隋,清
13137,569,1,隋,靜洪
13138,538,1,隋,明胤
13139,519,1,隋,法純
13140,519,1,隋,慧進
13141,538,1,隋,慧昂
13142,573,1,隋,法進
13143,573,1,隋,輝
13144,573,1,隋,定
13145,573,1,隋,文普善
13146,544,1,隋,靜端
13147,542,1,隋,慧歡
13148,548,1,隋,智通
13149,548,1,隋,道慧
13150,562,1,隋,本濟
13151,562,1,唐,道訓
13152,562,1,唐,道樹
13153,551,1,隋,善智
13154,533,1,唐,道林
13155,547,1,唐,法應
13156,556,1,唐,智周
13157,556,1,唐,滔
13158,556,1,唐,薛仕
13159,556,1,唐,法度
13160,556,1,唐,慧滿
13161,556,1,唐,寶愛
13162,546,1,唐,法藏
13163,552,1,隋,拓王猛
13168,544,1,隋,趙偉
13169,540,1,隋,索和業
13170,537,1,隋,盧元壽
13171,533,1,隋,楊達
13172,533,1,隋,智贊
13173,557,1,唐,道亘
13174,551,1,唐,智滿
13175,569,1,唐,裴寂
13176,558,1,唐,劉讓
13177,543,1,唐,僧邕
13179,543,1,隋,郭韶
13180,556,1,南梁,張元秀
13181,556,1,陳,張文懷
13182,550,1,唐,普明
13183,553,1,唐,頂禮
13184,551,1,唐,周孝節
13185,550,1,唐,榮泰
13186,550,1,唐,難提
13187,572,1,唐,法喜
13189,565,1,唐,道昂
13190,560,1,唐,靈智
13191,564,1,唐,希
13192,564,1,唐,詢
13193,564,1,唐,張暉
13194,564,1,唐,靜安
13195,564,1,唐,道誠
13196,556,1,唐,曇榮
13197,556,1,唐,風同仁
13198,556,1,唐,常凝保
13199,556,1,唐,僧定
13200,556,1,唐,圓宗
13201,556,1,唐,慧憑
13202,565,1,唐,靜琳
13203,565,1,隋,曇猛
13204,565,1,唐,炬
13205,537,1,唐,僧順
13206,565,1,隋,還原
13207,553,1,隋,道雄
13208,553,1,隋,道體
13209,553,1,隋,道獻
13210,565,1,唐,李安遠
13211,571,1,唐,李道裕
13212,565,1,唐,李好德
13213,556,1,隋,慧成
13214,574,1,唐,慧斌
13215,562,1,隋,盧正方
13216,574,1,隋,和朗
13217,558,1,隋,許善心
13218,548,1,唐,曇韻
13219,548,1,唐,超
13220,590,1,唐,明淨
13223,569,1,唐,慧熙
13224,569,1,唐,道微
13225,583,1,唐,世瑜
13226,583,1,唐,倫
13227,598,1,唐,潘侍郎
13232,614,1,唐,慧融
13233,550,1,唐,靜琳
13234,562,1,唐,道撫
13235,531,1,唐,普明
13236,531,1,唐,義淹
13237,551,1,唐,昌
13238,552,1,唐,無礙
13239,552,1,南梁,陳曠
13240,552,1,隋,超
13241,552,1,隋,楊弘
13244,577,1,隋,寶冥
13245,577,1,隋,明智
13246,577,1,隋,成彥
13247,577,1,隋,習皓
13248,575,1,唐,李慎
13249,575,1,唐,郭瑜
13250,579,1,唐,璇
13251,579,1,唐,藹明
13252,579,1,唐,稜法
13253,579,1,唐,惠普
13256,584,1,唐,惠寬
13257,584,1,隋,楊瑋
13258,580,2,唐,楊信相
13259,582,1,隋,會
13260,584,1,唐,胤
13261,582,1,隋,相
13262,584,1,唐,名策
13263,584,1,唐,宋尉
13264,565,1,唐,僧倫
13265,565,1,隋,呂詢
13267,565,1,隋,理
13268,573,1,唐,竇建德
13269,569,1,唐,齊善行
13270,565,1,唐,裴萬頃
13274,600,1,隋,張鎮州
13275,570,1,唐,兄才
13276,570,1,唐,超
13277,570,1,唐,竇德明
13278,570,1,唐,巖
13279,570,1,唐,暉
13280,570,1,唐,才
13281,600,1,唐,嚴撰
13283,600,1,唐,張綽
13284,630,1,唐,閭丘胤
13285,607,1,唐,李詢
13287,553,1,唐,法嚮
13288,553,1,隋,智喜
13289,570,1,唐,惠明
13290,570,1,唐,巖
13292,458,1,南梁,道禪
13294,509,1,南梁,智成
13296,509,1,隋,郭衍
13297,520,1,隋,寶定
13298,520,1,隋,慧峙
13299,520,1,隋,慧巘
13300,520,1,隋,智昇
13307,532,1,隋,釋道成
13308,532,1,南齊,陶誕
13309,532,1,唐,式
13310,527,1,隋,法祥
13313,539,1,唐,智詵
13314,541,1,唐,慧主
13315,488,1,隋,智炫
13318,541,1,唐,明
13319,539,1,隋,道恢
13320,523,1,隋,智旻
13321,564,1,唐,榮
13322,564,1,唐,滿德
13323,564,1,唐,善智
13324,564,1,唐,真懿
13325,564,1,唐,敬道
13327,569,1,唐,裴師遠
13328,576,1,唐,道爍
13329,589,1,隋,梁粲
13330,585,1,唐,杜如晦
13331,574,1,唐,薛萬徹
13332,563,1,唐,僧伽
13333,568,1,唐,慧蕭
13334,568,1,隋,明達
13335,589,1,隋,仙
13336,541,1,隋,明朗
13337,568,1,唐,道積
13338,568,1,隋,丁榮
13339,560,1,唐,慧進
13341,578,1,唐,道瓚
13342,595,2,唐,慧尚
13343,569,1,唐,道亮
13345,569,1,唐,嚴
13346,569,1,唐,員
13347,559,1,唐,志
13348,559,1,唐,聞嗣安
13349,559,1,唐,李廉
13350,559,1,唐,薛通
13351,559,1,唐,王榮
13352,559,1,唐,李元祥
13355,508,1,南梁,貞陽侯
13356,593,1,唐,戴令
13357,593,1,唐,江
13358,559,1,唐,玉
13359,559,1,唐,相
13360,559,1,唐,君度
13364,507,1,隋,僧猛
13379,600,1,唐,韓孝威
13412,514,1,隋,周宣明
13418,552,1,南梁,劉欣
13420,555,1,陳,劉雅
13422,550,1,陳,智強
13425,566,1,隋,潘誕
13426,555,1,唐,道璋
13428,601,1,唐,智實
13429,576,1,唐,金武林
13432,580,1,唐,法雅
13437,555,1,唐,普應
13438,576,1,唐,圓勝
13439,531,1,唐,曇選
13443,583,1,唐,道會
13448,583,1,唐,裴希仁
13449,586,1,唐,智勤
13450,505,1,南梁,植相
13451,505,1,南梁,鄭貞
13453,505,1,南梁,法愛
13454,505,1,南梁,蕭撝
13457,497,1,陳,傅弘
13460,514,1,隋,僧朗
13462,510,1,陳,智琨
13463,480,1,隋,道仙
13464,480,1,隋,僧達
13465,478,1,南梁,蕭嶦
13466,518,1,隋,郭智辯
13467,478,1,南梁,李學祖
13468,518,1,隋,誌公
13469,518,1,隋,證公
13470,518,1,隋,杯度
13471,518,1,隋,法安
13472,555,1,隋,法濟
13473,524,1,隋,慧偘
13474,518,1,唐,賈逸
13475,518,1,隋,承卿
13476,524,1,隋,偲
13477,567,1,唐,轉明
13478,557,1,唐,叔休
13479,557,1,隋,炬
13480,569,1,唐,鮑子明
13481,559,1,唐,道順
13482,558,1,唐,張弘暢
13483,558,1,唐,張蘇
13484,558,1,唐,田薩埵
13485,591,1,唐,王摩訶
13486,557,1,唐,志褒
13487,586,1,唐,通達
13488,574,1,唐,薛萬均
13492,418,1,南梁,羅研
13494,543,1,隋,杜祈
13495,511,1,南梁,尚圓
13496,464,1,隋,法行
13497,526,1,南梁,智曠
13498,441,1,南梁,道穆
13499,441,1,南梁,田伯玉
13500,441,1,南梁,僧展
13501,441,1,南梁,僧安
13502,441,1,南梁,車綴
13503,526,1,南梁,張詮
13508,538,1,唐,明恭
13509,493,1,隋,法進
13510,533,1,隋,郁九閭長卿
13511,533,1,隋,慈藏
13515,772,1,唐,劉禹錫
13516,525,1,隋,道懿
13517,587,1,唐,李瓌
13518,527,1,隋,道辯
13519,527,1,隋,神辯
13520,527,1,隋,袁山松
13521,571,1,唐,法通
13522,571,1,唐,僧戡
13523,556,1,唐,大壯
13524,586,1,唐,法施
13527,583,1,唐,蕭銑
13529,591,1,唐,李孝恭
13530,567,1,唐,法運
13531,575,1,隋,楊道生
13532,586,1,唐,法聰
13533,586,1,唐,慧敏
13535,595,1,唐,法沖
13537,508,1,唐,端
13538,508,1,唐,長藏師
13539,508,1,唐,真
13540,508,1,唐,玉
13541,508,1,唐,豐
13542,508,1,唐,明
13543,508,1,唐,胡明師
13544,508,1,唐,實
13545,508,1,唐,曠
13546,508,1,唐,弘智
13547,508,1,唐,伽
13548,508,1,唐,寶瑜
13549,508,1,唐,寶迎
13550,508,1,唐,道瑩
13552,595,1,唐,鄭欽泰
13553,560,1,隋,智隱
13554,560,1,隋,闍提斯那
13556,527,1,唐,明璨
13557,560,1,隋,寶積
13559,544,1,唐,曇瑎
13565,556,1,唐,慧誕
13567,607,1,唐,智光
13568,560,1,隋,寶憲
13569,560,1,隋,法朗
13570,560,1,隋,曇觀
13571,514,1,隋,靈達
13572,514,1,隋,金玄瓚
13573,560,1,隋,曇義
13575,560,1,隋,玄鏡
13581,560,1,隋,道生
13582,560,1,隋,法揩
13593,536,1,隋,曇良
13594,560,1,隋,道嵩
13595,481,1,隋,悉
13604,530,1,隋,張暉
13606,530,1,隋,程暉和
13607,530,1,隋,田遺生
13608,530,1,隋,田華嚴
13609,540,2,隋,長
13612,548,1,隋,楊侗
13615,542,1,唐,法曠
13616,504,1,唐,榮
13619,493,1,南梁,蕭規
13626,504,1,隋,楊勇
13628,587,1,唐,善慧
13629,563,1,唐,法誠
13630,563,1,唐,僧和
13631,563,1,唐,相
13632,563,1,唐,張靜
13633,577,1,唐,慧銓
13634,576,1,唐,智證
13638,536,1,唐,智凱
13639,600,1,唐,李道宗
13640,536,1,唐,張鼎
13641,546,1,唐,法琰
13642,557,1,唐,神爽
13643,569,1,隋,立身
13644,565,1,隋,法稱
13645,565,1,隋,白雲
13646,569,1,隋,智雲
13648,576,1,唐,慧震
13652,588,1,唐,智興
13654,588,1,唐,善因
13655,547,1,唐,法素
13656,542,1,唐,僧晃
13658,490,1,隋,普濟
13659,596,1,唐,普濟
13662,568,1,唐,慧雲
13663,568,1,唐,有達
13664,568,1,唐,胡秀才
13665,568,1,唐,曉
13666,568,1,唐,李五戒
13670,538,1,隋,范兌
13671,538,1,隋,貞
13672,538,1,隋,園
13673,525,1,隋,傅繹
13674,522,1,陳,陳伯義
13675,538,1,隋,劉景安
13676,546,1,隋,陳仲寶
13677,538,1,隋,李子深
13678,541,1,隋,鮑亨
13679,541,1,隋,謝瑀
13680,544,1,唐,住力
13681,555,1,唐,輔公祐
13682,544,1,唐,智賾
13683,544,1,唐,慧安
13684,561,1,隋,善權
13685,568,1,陳,法綱
13686,524,1,隋,慧達
13688,575,1,唐,德美
13689,575,1,隋,靜默
13690,575,1,隋,道善
13692,568,1,唐,洪湛
13693,568,1,唐,法朗
13694,568,1,唐,普興
13695,568,1,唐,法稜
13696,568,1,唐,杜楚客
13699,678,1,唐,李邕
13716,676,1,唐,萬齊融
13797,395,1,劉宋,宗
13801,703,1,唐,安祿山
13811,701,1,唐,王縉
13820,721,1,唐,李陽冰
13826,684,1,唐,高力士
13827,697,1,唐,郭子儀
13828,748,1,唐,鄭餘慶
13836,690,2,唐,武氏
13837,674,1,唐,溫古
13838,705,1,唐,劉巨鱗
13844,772,1,唐,法真
13845,756,1,唐,雲邃
13846,742,1,唐,歡喜
13847,706,1,唐,慧��
13848,727,1,唐,尸羅迷伽
13849,688,1,唐,哥舒翰
13850,695,1,唐,李元琮
13851,704,1,唐,李輔國
13852,725,1,唐,李憲誠
13853,743,2,唐,瓊華真人
13854,725,1,唐,劉僊鶴
13855,619,1,唐,羅公遠
13856,702,1,唐,嚴郢
13857,703,1,唐,徐浩
13858,680,1,唐,李憲
13859,663,1,唐,阿史那獻
13860,686,1,唐,李業
13861,668,1,唐,悉達
13862,668,1,唐,無著
13863,676,1,唐,寶月
13864,672,1,唐,寶思
13865,672,1,唐,明畏
13866,734,1,唐,智慧
13867,691,1,唐,調伏軍
13868,707,1,唐,智護
13869,707,1,唐,進友
13870,707,1,唐,智友
13871,734,1,唐,達摩耶舍
13872,742,1,唐,朱泚
13873,737,1,唐,羅好心
13874,732,1,唐,良秀
13875,739,1,唐,超悟
13876,739,1,唐,辯空
13877,735,1,唐,王希遷
13878,743,1,唐,孟涉
13879,743,1,唐,馬有麟
13880,615,1,唐,玄覺
13881,555,1,唐,竇璡
13882,576,1,唐,高儉
13883,595,1,唐,盧承慶
13884,602,1,唐,玄楷
13885,612,1,唐,李儼
13886,627,1,唐,歐陽通
13887,541,1,唐,孫思邈
13891,585,1,唐,尉遲恭
13893,717,1,唐,惟慤
13894,661,1,唐,哥舒道元
13895,641,1,唐,賈膺福
13896,655,1,唐,霍嗣光
13897,651,1,唐,玄軌
13898,641,1,唐,思玄
13899,639,1,唐,懷度
13900,635,1,唐,靈辯 
13901,649,1,唐,般若提婆
13902,626,1,唐,薄塵
13903,640,1,唐,法明
13904,641,1,唐,處一
13905,649,1,唐,提雲若那
13909,649,1,唐,薛稷
13910,638,1,唐,徐彥伯
13912,788,1,唐,李德裕
13913,647,1,唐,魏知古
13914,656,1,唐,郭元振
13915,665,1,唐,陸象先
13916,662,1,唐,崔璩
13917,659,1,唐,徐堅
13918,662,1,唐,神暕
13919,662,1,唐,雲觀
13920,662,1,唐,承禮
13921,662,1,唐,塵外
13922,664,1,唐,深亮
13924,662,1,唐,思忠
13926,662,1,唐,波若屈多
13927,662,1,唐,達摩
13928,662,1,唐,履方
13929,662,1,唐,宗一
13930,662,1,唐,慧覺
13936,757,1,唐,智眞
13938,731,1,唐,悟空
13939,726,1,唐,楊襲古
13940,736,1,唐,大震
13941,736,1,唐,法超
13942,736,1,唐,善信
13943,741,1,唐,段明秀
13944,740,1,唐,牛昕
13945,740,1,唐,程鍔
13946,735,1,唐,蓮華
13947,724,1,唐,霍仙鳴
13948,746,1,唐,廣濟
13949,747,1,唐,道弘
13950,751,1,唐,鑒虛
13951,747,1,唐,智柔
13952,739,1,唐,李復
13953,713,1,唐,柳伉
13954,701,1,唐,德宣
13955,716,1,唐,法崇
13956,716,1,唐,慧靜
13957,797,1,唐,玄暢
13958,726,1,唐,劉闢
13959,750,1,唐,王承宗
13960,754,1,唐,歸登
13961,732,1,唐,孟簡
13962,755,1,唐,劉伯芻
13963,752,1,唐,蕭俛
13964,701,1,唐,薩婆達幹
13965,701,1,唐,舍利越摩
13966,702,1,唐,張韜光
13967,710,1,唐,文殊矢涅地
13968,710,1,唐,鄔不羼提
13969,710,1,唐,駄里巍地
13970,603,1,唐,尉遲敬宗
13972,594,1,隋,尉遲羅迦
13973,596,1,唐,棲玄
13974,596,1,唐,明濬
13975,608,1,唐,拾得
13976,611,1,唐,慧德
13977,747,1,唐,三藏般若
13978,667,1,唐,大願
13979,641,1,唐,武平一
13980,630,1,唐,善妙
13983,628,1,唐,道身
13985,615,1,唐,玄則
13986,627,1,唐,王胄
13987,660,1,唐,玄奘
13988,674,1,唐,盧鴻一
13991,683,2,唐,王媼
13992,681,1,唐,裴寬
13993,650,1,唐,賈曾
13994,773,1,唐,李渤
13997,653,1,唐,長孫容
13998,676,1,唐,良秀
13999,676,1,唐,法修
14000,663,1,唐,李竫
14001,681,1,唐,尹謙
14002,691,1,唐,賈文瓌
14003,722,1,唐,魚朝恩
14007,718,1,唐,王珍
14010,718,1,唐,思貞
14011,779,1,唐,元稹
14014,707,1,唐,杜冕
14022,733,1,唐,李自良
14023,720,1,唐,李輔光
14024,736,1,唐,癡人
14025,740,1,唐,齊抗
14026,749,1,唐,韋渠牟
14027,758,1,唐,武元衡
14028,752,1,唐,鄭絪
14029,759,1,唐,權德輿
14030,758,1,唐,李逢吉
14031,755,1,唐,錢徽
14032,749,1,唐,韋丹
14033,718,1,唐,嘉延
14034,718,1,唐,曇暉
14035,740,1,唐,毛瑛琦
14037,739,1,唐,談筵
14047,735,1,唐,田敦
14048,769,1,唐,識微
14049,769,1,唐,道巽
14050,769,1,唐,志真
14051,769,1,唐,悟極
14052,770,1,唐,崔恭
14053,717,1,唐,辯智
14054,706,1,唐,喬琳
14055,717,1,唐,如
14056,768,1,唐,崔龜從
14057,758,1,唐,拯
14064,761,1,唐,陳圖南
14065,761,1,唐,陳憲
14066,775,1,唐,杜元穎
14068,773,1,唐,楊敬之
14069,770,1,唐,楊汝士
14070,774,1,唐,高元裕
14071,772,1,唐,楊魯士
14072,786,1,唐,楊漢公
14073,756,1,唐,李貽孫
14077,754,1,唐,文暢
14078,722,1,唐,李泌
14080,765,1,唐,柳仲郢
14084,757,1,唐,韋應物
14146,621,1,唐,劉志略
14147,622,1,唐,智遠
14148,696,1,唐,房琯
14149,663,1,唐,宋璟
14150,692,1,唐,盧奕
14152,693,1,唐,裴冕
14153,631,1,隋,覺
14154,631,1,唐,如
14158,660,1,唐,宣
14159,674,1,唐,興
14160,674,1,唐,宣
14161,602,1,唐,統
14162,693,1,唐,遠
14163,662,1,唐,��
14164,658,1,唐,余少興
14165,658,1,唐,余仁
14166,667,1,唐,李思絢
14167,667,1,唐,超
14168,658,1,唐,韋利器
14169,671,1,唐,許思恭
14170,711,1,唐,李揆
14171,709,1,唐,劉長卿
14172,708,1,唐,蕭定
14173,617,1,唐,院朗
14174,647,1,唐,吳文渙
14175,556,1,唐,恒
14176,556,1,唐,衛文昇
14177,645,1,唐,智元
14178,645,1,唐,韓閏
14180,673,1,唐,嚴浚
14182,688,1,唐,張均
14183,697,1,唐,韋陟
14185,677,1,唐,玄至
14189,664,1,唐,法密
14190,664,1,唐,韋銑
14191,693,1,唐,希玄
14192,684,1,唐,李憕
14193,664,1,唐,徐嶠
14194,656,1,唐,王琚
14195,679,1,唐,趙頤貞
14196,712,1,唐,孫朝進
14197,697,1,唐,朱光暉
14198,701,1,唐,袁守宏
14199,726,1,唐,道密
14200,675,1,唐,智德
14201,675,1,唐,志誠
14202,713,1,唐,大濟
14203,704,1,唐,景超
14204,771,1,唐,劉軻
14205,715,1,唐,吳貞
14206,719,1,唐,黃鳳
14207,705,1,唐,楊綰
14208,712,1,唐,第五琦
14209,741,1,唐,王顏
14210,741,1,唐,丘丹
14211,755,1,唐,崇珪
14215,679,1,唐,圓
14216,722,1,唐,鮑防
14217,698,1,唐,包佶
14218,715,1,唐,志滿
14219,716,1,唐,光瑤
14220,682,1,唐,武宣
14221,735,1,唐,李兼
14222,748,1,唐,齊映
14223,716,1,唐,王僚
14224,663,1,唐,道翹
14225,668,1,唐,田神功
14226,783,1,唐,吳元濟
14227,721,1,唐,李鄘
14228,684,1,唐,道義
14231,721,1,唐,李道古
14232,757,1,唐,劉濟
14233,777,1,唐,義圓
14234,736,1,唐,祝安
14235,736,1,唐,祝皎
14236,718,1,唐,僧崇
14237,718,1,唐,僧如
14238,707,1,唐,寶修
14239,732,1,唐,長孫冽
14240,732,1,唐,長孫利涉
14242,675,1,唐,張懷瓘
14243,747,1,唐,李望
14244,747,1,唐,李胄
14245,730,1,唐,靈鑒
14246,748,1,唐,慧真
14247,638,1,唐,掘多
14248,785,1,唐,王鐸
14249,779,1,唐,牛僧孺
14250,717,1,唐,李諷
14251,703,1,唐,李卓
14252,747,1,唐,智通
14253,733,1,唐,李抱真
14254,726,1,唐,馬燧
14255,735,1,唐,王武俊
14256,686,1,唐,朱滔
14257,761,1,唐,董叔經
14258,771,1,唐,靈準
14259,773,1,唐,楊潛
14260,746,1,唐,皇甫鎛
14261,774,1,唐,韋處厚
14264,732,1,唐,盧涇
14265,757,1,唐,裴常棣
14266,728,1,唐,暠
14267,778,1,唐,劉
14268,786,1,唐,契元
14269,740,1,唐,甄公
14270,707,1,唐,辯初
14271,736,1,唐,皓月
14272,731,1,唐,廬元顥
14273,736,1,唐,宗
14274,773,1,唐,李紳
14275,771,1,唐,法昕
14276,741,1,唐,仇公武
14277,797,1,唐,楊
14278,736,1,唐,法恒
14279,776,1,唐,李景讓
14280,793,1,唐,崔慎由
14281,755,1,唐,智廣
14282,780,1,唐,崔公
14286,747,1,唐,道曠
14288,800,1,唐,裘甫
14290,770,1,唐,錢晟
14291,757,1,唐,靈智
14292,774,1,唐,智總
14293,777,1,唐,崔壽
14297,766,1,唐,元錫
14299,796,1,唐,羅晏
14301,792,1,唐,白敏中
14313,778,1,唐,清國
14324,776,1,唐,滿
14341,741,1,唐,李沼
14349,520,1,隋,孔範
14350,554,1,隋,孔禩
14351,613,1,唐,崇拔
14352,658,1,唐,鳳林
14353,605,1,唐,范強
14354,703,1,唐,元載
14355,718,1,唐,光翌
14356,729,1,唐,如淨
14360,654,1,唐,初
14361,668,1,唐,行超
14362,637,1,唐,暉澄
14363,687,1,唐,元彦冲
14364,618,1,唐,融濟
14365,348,1,東晉,法綱
14366,671,1,唐,徐安貞
14367,687,1,唐,朱元眘
14369,689,1,唐,敬誠
14370,689,1,唐,盧見義
14371,689,1,唐,王弼
14372,675,1,唐,智符
14373,693,1,唐,崇曉
14374,693,1,唐,唯湛
14375,675,1,唐,崇義
14376,675,1,唐,懷節
14377,666,1,唐,玄通
14379,650,1,唐,畢構
14380,653,1,唐,陸餘慶
14381,639,1,唐,崔希逸
14382,698,1,唐,王昌齡
14383,677,1,唐,綦母潜
14385,701,1,唐,義宣
14388,717,1,唐,張從申
14390,687,1,唐,鑑真
14391,652,1,唐,智滿
14392,723,1,唐,思託
14395,700,1,唐,圓
14397,718,1,唐,惠普
14398,718,1,唐,道莊
14399,700,1,唐,擇隣
14400,700,1,唐,神偃
14401,700,1,唐,道進
14403,711,1,唐,嚴峻
14404,711,1,唐,觀淨
14406,720,1,唐,圓約
14407,677,1,隋,張恒
14408,677,1,唐,張翼
14409,677,1,唐,張蕆
14410,657,1,唐,李滔
14411,662,1,唐,玄昶
14412,662,1,唐,曇勝
14413,668,1,唐,檀子
14414,645,1,唐,褚无量
14415,664,1,唐,司馬貞
14417,668,1,唐,明達
14418,664,2,唐,慈和
14419,689,1,唐,張楚
14420,731,1,唐,李紓
14421,713,1,唐,李湯
14422,726,1,唐,獨孤及
14423,728,1,唐,隱空
14424,728,1,唐,虔印
14425,728,1,唐,潘志清
14426,689,1,唐,朱放
14428,715,1,唐,張繼  
14429,735,1,唐,皇甫曾
14430,728,1,唐,張南史
14431,727,1,唐,陸迅
14432,717,1,唐,徐嶷
14433,732,1,唐,陸羽
14434,724,1,唐,朗然
14435,664,1,唐,齊
14436,724,1,唐,遠
14437,711,1,唐,韋儇
14438,709,1,唐,清浩
14439,709,1,唐,擇言
14440,709,1,唐,韓賁
14441,717,1,唐,韋損
14442,733,1,唐,劉暹
14443,684,1,唐,樊晃
14444,684,1,唐,柳識
14445,640,1,唐,胡元禮
14446,664,1,唐,圓
14447,664,1,唐,深
14448,664,1,唐,超
14449,665,1,唐,袁晁
14450,721,1,唐,薛兼訓
14451,686,1,唐,獨孤峻
14452,693,1,唐,周
14453,701,1,唐,慧宣
14458,672,1,唐,韋元甫
14459,707,1,唐,李栖筠
14460,728,1,唐,李道昌
14466,571,1,唐,李靖
14467,730,1,唐,崇暉
14468,722,1,唐,明謙
14469,738,1,唐,純一
14470,738,1,唐,惟秀
14471,738,1,唐,歸政
14472,738,1,唐,智遠
14473,763,1,唐,惟英
14474,738,1,唐,張希俊
14475,709,1,唐,嚴維
14476,740,1,唐,道標
14478,698,1,唐,興
14479,690,1,唐,劉太真
14480,731,1,唐,炬
14481,731,1,唐,業
14482,736,1,唐,王鋗
14483,736,1,唐,崔公
14484,736,1,唐,程浩
14485,721,1,唐,吳通微
14487,721,1,唐,真乘
14488,721,1,唐,常進
14489,740,1,唐,李錡
14490,747,1,唐,薛戎
14491,697,1,唐,海
14492,716,1,唐,顗
14493,744,1,唐,韓臯
14494,734,1,唐,呂渭
14495,742,1,唐,盧群
14496,740,1,唐,李敷
14497,762,1,唐,孫璹
14498,706,1,唐,賈全
14500,774,1,唐,盧元輔
14501,780,1,唐,南容
14502,740,1,唐,乾輔
14503,740,1,唐,光嚴
14504,740,1,唐,智崇
14505,774,1,唐,如玢
14506,757,1,唐,如辯
14507,757,1,唐,行儉
14508,757,1,唐,省言
14509,757,1,唐,常儉
14510,757,1,唐,智猷
14511,757,1,唐,日超
14515,718,1,唐,景雲
14517,360,1,東晉,慧辯
14519,729,1,唐,劉崇訓
14520,729,1,唐,趙鳳詮
14521,729,1,唐,慧徹
14522,729,1,唐,曇邃
14523,729,1,唐,道邃
14524,729,1,唐,興泚
14525,729,1,唐,寶意
14526,729,1,唐,神朗
14527,729,1,唐,智釗
14528,729,1,唐,超儕
14529,729,1,唐,超證
14530,729,1,唐,惟幹
14531,729,1,唐,希照
14532,730,1,唐,楊崇一
14533,664,1,唐,利涉
14536,690,1,唐,懷威
14537,690,1,唐,義頒
14538,362,2,東晉,令宗
14539,763,1,唐,無染
14540,729,1,唐,常袞
14541,755,1,唐,任迪簡
14542,704,1,唐,道澄
14544,740,1,唐,上弘
14545,736,1,唐,法裔
14546,736,1,唐,慧璡
14548,733,1,唐,姜公輔
14550,737,1,唐,楊憑
14551,750,1,唐,慧琳
14553,455,1,南梁,庾詵
14559,663,1,唐,無漏
14561,753,1,唐,李萼
14562,588,1,唐,三果
14564,707,1,唐,金
14565,768,1,唐,杜陟
14566,760,1,唐,陸則
14567,737,1,唐,李幼公
14568,755,1,唐,崔鄯
14569,760,1,唐,路異
14594,778,1,唐,遠
14613,632,1,唐,萬回
14615,613,1,唐,威秀
14616,653,1,唐,李賢
14618,656,1,唐,沈佺期
14619,656,1,唐,宋之問
14622,632,1,唐,權無二
14623,586,1,唐,趙毅
14624,606,1,唐,呂才
14625,601,1,唐,柳宣
14626,649,1,唐,桓道彥
14628,689,1,唐,神悟
14629,664,1,唐,溪光
14630,702,1,唐,崔益
14631,703,1,唐,湛一
14632,703,1,唐,圓一
14637,324,1,東晉,王薈
14638,686,1,唐,璿
14639,702,1,唐,蕭昕
14640,651,1,唐,韋玎
14641,664,1,唐,葉靜能
14642,664,1,唐,思明
14643,800,1,唐,大行
14644,693,1,唐,郭密之
14645,706,1,唐,竇紹
14646,696,1,唐,苑咸
14647,548,2,唐,王氏
14648,700,1,唐,韋子春
14649,720,1,唐,張河
14650,720,1,唐,陳允初
14651,693,1,唐,盧士式
14652,710,1,唐,陳紹欽
14653,721,1,唐,皇甫溫
14654,760,1,唐,李景儉
14655,719,1,唐,史華
14656,719,1,唐,鞏庭玉
14657,693,1,唐,李叔明
14658,706,1,唐,令狐峘
14659,763,1,唐,神建
14660,769,1,唐,曇藹
14664,797,1,唐,惠正
14665,792,1,唐,靈宴
14666,792,1,唐,辯章
14667,782,1,唐,崔沆
14671,756,1,唐,清逸
14685,522,1,陳,馬靖
14686,541,1,陳,陳方慶
14687,555,1,隋,王恒
14690,613,1,唐,武攸暨
14691,722,1,唐,馬奉誠
14692,709,1,唐,李
14693,772,1,唐,蘇
14699,634,1,唐,裴
14700,634,1,唐,賀跋玄濟
14701,657,1,唐,靜
14702,638,1,唐,崔玄暐
14703,666,2,唐,韋庶人
14704,665,2,唐,李令月
14705,697,2,唐,金城公主
14706,673,1,唐,崔日用
14707,614,1,唐,岑羲
14708,648,1,唐,張暐
14709,680,1,唐,李撝
14710,685,2,唐,李裹兒
14716,526,1,唐,慧昭
14717,767,1,唐,陳廣
14718,445,1,劉宋,劉休業
14719,457,1,劉宋,劉士弘
14720,519,1,隋,沈彥文
14721,554,1,陳,陳叔堅
14722,540,2,隋,沈
14727,686,1,唐,法秀
14736,709,1,唐,張鎰
14737,724,1,唐,李楚琳
14738,684,1,唐,牛雲光
14740,658,1,唐,抱玉
14743,630,1,唐,靈熠
14744,701,1,唐,章仇兼瓊
14745,679,1,唐,楊翌
14746,265,1,東晉,于道邃
14747,765,1,唐,趙歸真
14749,656,1,唐,和和
14750,680,1,唐,鄭萬鈞
14751,709,1,唐,鄭潛曜
14752,692,1,唐,晦明
14753,705,1,唐,崔圓
14755,717,1,唐,超悟
14756,707,1,唐,行弼
14757,697,1,唐,智恒
14760,720,1,唐,劉君
14761,690,1,唐,長孫遂
14763,614,1,唐,惠秀
14764,663,1,唐,達摩
14765,651,1,唐,王曄
14766,737,1,唐,均提
14767,718,1,唐,修政
14769,644,1,唐,常靜
14770,705,1,唐,智幽
14773,742,1,唐,神暄
14774,764,1,唐,范敭
14775,762,1,唐,王仲舒
14776,690,1,唐,圓觀
14777,748,1,唐,李源
14778,744,1,唐,從願
14782,730,1,唐,智幽
14784,745,1,唐,貞素
14793,688,1,唐,純陀
14798,766,1,唐,永安
14800,787,1,唐,亡名
14803,787,1,唐,可思
14832,680,1,唐,李重福
14833,787,1,唐,趙華
14834,784,1,唐,誼
14836,527,1,隋,徐孝克
14857,687,1,唐,慧警
14858,713,1,唐,崇政
14859,567,1,唐,法朗
14860,605,1,唐,杜荷
14861,625,1,唐,薛瓘
14862,630,2,唐,城陽公主
14863,710,1,唐,法岸
14864,710,1,唐,浩然
14865,723,1,唐,三刀
14866,710,1,唐,路嗣恭
14867,723,1,唐,劉寧
14868,704,1,唐,大光
14869,707,1,唐,趙思溫
14870,653,1,唐,清虛
14878,771,1,唐,惟孝
14895,687,1,唐,光儀
14896,630,1,唐,李崇真
14898,695,1,唐,李重茂
14900,663,1,唐,王志愔
14902,663,1,唐,明幹
14903,663,1,唐,崔沼
14904,663,1,唐,盧逸
14906,606,1,唐,慧昶
14907,676,1,唐,袁仁敬
14908,664,1,唐,楊敏言
14909,673,1,唐,恭
14910,700,1,唐,韋南金
14911,746,1,唐,盧幼平
14912,707,1,唐,獨孤問俗
14913,707,1,唐,杜位
14914,718,1,唐,裴清
14915,668,1,唐,楊慧才
14916,668,1,唐,姚泲
14917,668,1,唐,姚淡
14918,725,1,唐,惟實
14919,726,1,唐,裴儆
14920,793,1,唐,李彥佐
14921,782,1,唐,唐弘夫
14923,722,1,唐,懷玉
14928,716,1,唐,劉晏
14929,717,1,唐,王圓
14930,705,1,唐,普賢
14931,771,1,唐,寂然
14933,757,1,唐,惟則
14934,769,1,唐,商祐
14935,777,1,唐,沈傳師
14939,797,1,唐,韋庸
14940,778,1,唐,沈詢
14949,423,1,南齊,江泌
14953,410,1,五代十國,惠通
14961,628,1,唐,神鼎
14963,658,1,唐,張鷟
14964,656,1,唐,泓師
14965,690,1,唐,張垍
14966,651,1,唐,韋安石
14967,651,1,唐,韋縚
14968,653,1,唐,源乾曜
14972,707,1,唐,陸淳
14973,699,1,唐,鄭文簡
14974,737,1,唐,無側
14975,740,1,唐,李洪
14976,751,1,唐,吳憑
14977,752,1,唐,崔子向
14978,752,1,唐,楊逵
14979,746,1,唐,范傳正
14980,738,1,唐,張遼
14981,737,1,唐,慕容興
14982,670,1,唐,辯章
14983,705,1,唐,皓玉
14984,708,1,唐,崔
14985,705,1,唐,王展
14986,749,1,唐,袁滋
14987,746,1,唐,李則
14988,746,1,唐,盧來卿
14989,746,1,唐,于文炫
14990,746,1,唐,蔡直
14991,743,1,唐,苻載
14992,743,1,唐,楊衡
14993,743,1,唐,李演
14994,727,1,唐,吳憲忠
14995,723,1,唐,李亞卿
14996,723,1,唐,王文信
14997,778,1,唐,郗志榮
14998,778,1,唐,宋常春
15013,797,1,唐,蔣瓌
15026,689,1,唐,道光
15029,572,1,唐,王敬業
15030,579,1,唐,唐儉
15060,292,2,東晉,慧湛
15063,339,2,東晉,何法倪
15064,324,1,東晉,曇羅
15067,341,2,東晉,道容
15068,330,1,東晉,王濮陽
15074,362,1,東晉,道津
15075,366,2,東晉,支妙音
15076,293,1,東晉,王忱
15077,372,1,劉宋,慧鎧
15078,372,1,劉宋,慧意
15079,355,1,劉宋,傳弘仁
15080,368,2,劉宋,法盛
15081,292,1,東晉,阮裕
15082,368,1,劉宋,偶
15083,368,1,劉宋,曇敬
15084,368,1,劉宋,曇愛
15085,386,2,劉宋,慧玉
15087,438,1,南齊,崔慧景
15088,439,1,劉宋,道邕
15090,352,1,東晉,劉雍
15093,375,1,劉宋,宗臧
15094,371,2,劉宋,慧瓊
15095,371,1,劉宋,王世子
15097,371,1,劉宋,慧朗
15099,435,1,南齊,慧通
15107,381,2,劉宋,僧果
15108,381,1,劉宋,慧聰
15113,373,2,劉宋,業首
15114,373,1,劉宋,王景深
15115,373,1,劉宋,范
15116,373,1,南齊,潘
15117,373,1,劉宋,曇寅
15118,369,2,劉宋,法辯
15119,369,1,劉宋,王郁
15122,438,2,劉宋,道綜
15123,401,2,劉宋,寶賢
15126,475,1,南齊,陸遵
15127,381,1,劉宋,惠果
15128,409,2,劉宋,法淨
15129,373,2,劉宋,慧耀
15130,373,1,劉宋,趙處思
15131,373,2,劉宋,王
15141,403,2,南齊,僧敬
15144,393,1,劉宋,孔默之
15145,403,1,南齊,樂遵
15149,418,2,南齊,僧猛
15150,418,1,劉宋,淨度
15151,432,2,南齊,妙智
15157,410,1,劉宋,何求
15158,410,1,劉宋,何鑠
15163,427,2,南齊,智勝
15164,427,2,南齊,王
15165,430,2,南齊,僧蓋
15166,477,1,南梁,到茂灌
15167,477,1,南梁,到洽
15169,478,1,南梁,劉之遴
15171,473,1,南梁,任孝恭
15176,430,1,南梁,田宏
15177,430,1,劉宋,僧志
15178,430,1,南梁,法進
15179,412,2,南齊,法全
15180,505,1,南梁,蕭績
15181,465,1,南梁,慧震
15182,412,1,南齊,慧形
15183,412,1,南齊,淨練
15184,412,2,南齊,寶嬰
15185,412,1,南齊,僧律
15187,542,1,陳,施文慶
15188,421,2,南齊,淨暉
15189,542,1,陳,沈客卿
15191,421,1,南齊,光淨
15192,419,2,南齊,曇簡
15193,414,2,南齊,淨珪
15194,432,2,南齊,竺
15195,412,2,南齊,超明
15196,412,1,南齊,范先
15197,412,1,南齊,曇整
15199,419,2,南齊,曇勇
15200,421,2,南齊,德樂
15201,421,1,南齊,光
15202,421,1,劉宋,法淨
15203,421,1,劉宋,曇覽
15204,421,1,南齊,阮儉
15205,418,2,南梁,淨秀
15209,418,1,南齊,馬
15211,418,2,劉宋,南昌公主
15212,418,1,劉宋,黃修儀
15213,418,1,劉宋,彌呿羅
15214,418,1,劉宋,毘佉羅
15215,418,1,南梁,慧令
15216,415,2,南梁,僧念
15217,415,1,南梁,羊彌
15218,415,1,南梁,曇叡
15219,415,1,南梁,法護
15220,422,2,南梁,曇暉
15221,402,1,南梁,法育
15222,422,1,劉宋,甄法崇
15223,422,1,南梁,昱
15225,455,1,南梁,劉悛
15228,504,1,南齊,謝茂
15229,476,1,南梁,謝藏
15230,425,2,南梁,慧勝
15231,425,1,南梁,唐僧智
15232,425,1,南梁,思隱
15233,425,1,南梁,法穎
15234,431,2,南梁,淨賢
15238,436,2,南梁,淨淵
15239,444,2,南梁,淨行
15240,444,1,劉宋,郭洽
15241,444,2,劉宋,臧
15242,444,1,劉宋,法施
15250,497,1,陳,嵩頭陀
15255,515,1,南梁,慧聰
15256,432,2,南梁,僧述
15257,432,1,南梁,懷僧珍
15259,432,1,劉宋,張貴嬪
15260,432,1,劉宋,吳充華
15261,442,2,南梁,惠暉
15264,511,1,南梁,胡僧佑
15265,431,2,南梁,道貴
15267,434,2,南梁,法宣
15268,427,1,南梁,道寄
15272,434,1,南齊,惠熙
15273,434,1,南梁,張援
15274,434,1,南梁,庾詠
15275,421,1,南梁,明仲璋
15276,488,1,南梁,劉歊
15278,478,1,南梁,劉慧斐
15283,624,1,唐,張廷珪
15284,656,1,唐,辛替否
15285,568,1,唐,行矩
15286,475,1,南梁,江含潔
15287,475,1,南梁,江蒨
15288,467,1,南梁,江祿
15291,712,1,唐,李峴
15292,780,1,唐,任灌
15294,558,1,唐,樊元智
15298,742,1,唐,陸康成
15303,711,1,唐,史元琮
15304,711,1,唐,張廷玉
15305,725,1,唐,盧杞
15306,709,1,唐,李希烈
15307,709,1,唐,顏頵
15308,709,1,唐,顏碩
15309,746,1,唐,韋平
15310,746,1,唐,韋弇
15311,753,1,唐,王叔文
15314,709,2,唐,龐靈照
15315,700,2,唐,崔氏
15316,716,1,唐,裴廸
15317,699,1,唐,魏處士
15318,757,1,唐,韋執誼
15319,739,1,唐,裴通
15337,630,1,唐,李善
15372,700,1,唐,李瑾
15375,618,1,唐,伊舍那靺摩
15381,705,1,唐,伊習賓
15386,721,2,唐,獨孤氏
15387,750,1,唐,李迥
15388,597,1,唐,佛手王
15401,508,1,南梁,王僧辯
15402,708,1,唐,大慧
15403,696,1,唐,恒超
15410,535,1,隋,盧思道
15414,430,1,南齊,平原明
15415,458,1,劉宋,顧映
15418,452,1,南梁,徐儼
15422,453,1,南梁,江觀
15423,507,1,南齊,周奉叔
15424,507,1,南梁,周神歸
15425,507,2,南梁,劉氏
15427,488,1,南齊,徐邕
15428,662,1,唐,道本
15429,678,1,唐,杜懷信
15430,508,1,南梁,蕭綸
15431,664,1,唐,范峻朝
15432,423,1,南齊,僧悝
15433,435,1,南齊,惠通
15434,435,1,南齊,僧誕
15437,697,1,唐,李瑛
15438,536,1,隋,丁氏
15440,558,1,隋,王胄
15443,515,1,陳,韻
15444,367,1,劉宋,常元祖
15445,367,1,劉宋,陸簡子
15446,532,1,隋,獨孤機
15447,532,1,隋,長孫覽
15448,532,2,隋,鄭氏
15452,564,2,唐,桂陽公主
15455,568,1,隋,屺
15456,618,1,唐,李泰
15458,573,1,唐,法長
15459,575,1,唐,杜伏護
15460,579,1,唐,田
15461,581,1,唐,盧行瑫
15462,621,2,唐,無盡藏
15464,711,1,唐,明象
15466,358,1,劉宋,僧詮
15470,563,1,隋,楊楷
15474,548,1,唐,頂蓋
15475,548,1,唐,薜大興
15477,577,1,唐,李神通
15478,550,1,唐,慧網
15479,565,1,隋,蘇夔
15481,576,2,唐,萬氏
15482,576,2,唐,尹氏
15483,576,2,唐,李氏
15484,684,2,唐,管氏
15485,538,1,唐,鮑慈氏
15488,718,1,唐,僧曇
15489,522,1,隋,道志
15490,520,1,隋,法成
15491,541,1,唐,竇師綸
15492,532,1,南梁,陶僉
15493,771,1,唐,任運
15494,731,2,唐,李氏
15497,555,1,唐,麴伯雅
15498,763,1,唐,章幼成
15500,555,1,唐,法行
15503,583,1,隋,段倫
15504,583,1,唐,李襲譽
15507,390,1,劉宋,錢樂之
15508,589,1,唐,孔頂生
15509,605,2,唐,李氏
15510,658,1,唐,秀章
15513,663,2,唐,孟氏
15514,669,1,唐,王璵
15517,724,1,唐,嚴涗
15518,731,1,唐,空公
15520,305,1,東晉,解直
15521,746,1,唐,梁
15522,736,1,唐,無滯
15523,704,1,唐,梁涉
15524,421,1,南齊,僧要
15529,579,2,唐,楊氏
15530,681,2,唐,宣氏
15534,560,1,隋,禽巨海
15536,635,2,唐,盧氏
15537,718,1,唐,法等
15538,719,2,唐,王氏
15539,778,1,唐,老僧
15540,530,1,隋,索頭陀
15544,669,2,唐,高氏
15546,688,2,唐,梅氏
15550,463,1,南梁,僧救
15551,642,1,唐,李沖
15552,627,1,唐,李貞
15553,663,1,唐,真諦
15554,644,2,唐,葛氏
15555,560,1,唐,王上客
15556,565,1,隋,堯君素
15557,565,1,隋,薛宗
15559,765,2,唐,郭氏
15560,753,2,唐,李氏
15561,538,1,陳,桓氏
15563,503,1,陳,杜稜
15564,789,2,唐,陰氏
15574,338,1,東晉,吳蒼鷹
15576,484,1,南梁,劉孝儀
15583,328,1,東晉,桓沖
15586,368,1,劉宋,智達
15693,716,1,唐,圓寂
15703,603,2,唐,裴氏
15721,598,2,唐,劉氏
15722,598,1,唐,印氏
15738,777,1,唐,寰海
15743,639,2,唐,馬氏
15823,726,1,唐,慧雲
15904,741,2,唐,張氏
15983,787,2,唐,魏氏
16086,684,1,唐,臥倫
16091,793,1,五代十國,崔胤
16098,732,1,唐,李元諒
16099,750,1,唐,裴均
16100,771,1,唐,至閑
16101,701,1,唐,牛公
16102,780,1,唐,戴氏
16103,780,1,唐,劉公
16105,793,1,唐,崔安潛
16106,268,1,東晉,道嵩
16115,465,1,南齊,江昭玄
16120,728,1,唐,靜虛
16124,650,1,唐,律藏
16125,721,1,唐,沈玄望
16126,739,1,唐,法真
16127,739,1,唐,靈祐
16129,732,1,唐,庾準
16141,685,1,唐,車道政
16142,648,1,唐,褚義宗
16154,655,1,唐,惠雲
16558,653,2,唐,薛氏
16676,743,1,唐,何士幹
16828,640,1,唐,神英
